student_id,semester,previous_gpa,attendance_pct,internal_1,internal_2,assignment_avg,assignment_completion_pct,quiz_avg,study_hours_weekly,class_participation,late_submissions,final_score,risk_level,edge_case_type
STU0001,4,6.13,64.9,60.5,56.8,62.3,66.0,51.3,10.4,6.1,1,41.5,High,normal
STU0002,4,7.19,52.5,55.7,66.4,68.5,67.7,45.2,5.1,2.7,6,58.9,Medium,normal
STU0003,5,6.4,52.1,53.8,55.9,63.4,65.4,32.3,12.0,2.3,0,48.4,Medium,normal
STU0004,6,6.86,74.9,64.1,42.2,77.8,52.2,52.7,10.5,4.8,5,54.5,Medium,normal
STU0005,4,9.26,74.4,82.3,64.9,78.2,72.3,71.1,9.9,9.3,4,70.7,Low,normal
STU0006,6,8.58,88.1,79.4,82.5,95.0,99.2,77.0,16.4,4.1,6,71.4,Low,normal
STU0007,4,8.86,90.4,75.24183702021563,79.2731811674558,74.0,88.8,86.33106496204431,0.4934006337980943,0.571977147140382,2,91.4,Low,low_engagement_high_performance
STU0008,3,3.35,73.9,39.4,20.9,47.9,66.2,18.6,5.2,4.6,5,27.9,High,normal
STU0009,3,5.72,74.4,56.3,37.9,69.8,75.8,48.9,13.9,8.1,0,67.6,Low,normal
STU0010,3,4.97,72.6,49.3,41.0,44.3,68.4,,13.6,2.9,2,43.1,High,normal
STU0011,4,7.92,77.3,69.0,89.7,81.5,72.7,88.1,11.9,7.5,4,72.2,Low,normal
STU0012,4,7.3,59.3,54.6,48.5,61.2,46.4,37.9,9.8,1.4,4,60.0,Low,normal
STU0013,5,5.0,59.0,44.0,39.7,34.1,52.6,24.9,3.5,4.8,5,37.1,High,normal
STU0014,5,7.58,87.3,67.9,65.2,92.9,81.3,76.5,14.0,6.4,0,73.5,Low,normal
STU0015,3,8.34,73.1,56.5,47.5,58.6,76.7,57.8,11.2,7.5,1,65.8,Low,normal
STU0016,3,9.86,64.7,100.0,100.0,100.0,95.4,69.6,18.9,6.7,3,88.8,Low,normal
STU0017,4,6.71,73.4,47.4,45.4,80.8,75.8,68.0,12.7,5.5,5,47.2,Medium,normal
STU0018,5,6.07,77.5,62.6,54.6,57.0,82.0,,6.9,4.8,2,60.2,Low,normal
STU0019,3,7.64,83.7,56.2,60.5,72.3,67.9,56.2,16.9,4.6,3,75.0,Low,normal
STU0020,3,7.0,66.2,77.4,71.9,54.6,56.7,47.2,12.2,3.9,3,59.3,Medium,normal
STU0021,6,8.78,79.4,54.4,51.4,69.1,56.1,59.6,13.9,5.9,3,68.3,Low,normal
STU0022,6,10.0,100.0,100.0,98.8,88.5,72.1,82.0,14.3,4.5,1,100.0,Low,normal
STU0023,3,6.6,93.7,62.3,52.6,83.3,72.0,35.4,,3.0,2,62.3,Low,normal
STU0024,4,5.96,70.9,50.0,44.5,82.0,76.7,46.5,11.4,2.9,1,56.6,Medium,normal
STU0025,4,8.89,65.0,81.7,40.5,82.0,78.5,96.3,18.9,8.6,1,77.0,Low,normal
STU0026,6,7.31,86.5,60.7,76.3,48.7,57.1,38.6,13.4,4.3,7,58.7,Medium,normal
STU0027,5,9.47,98.7,71.3,83.3,75.0,57.8,68.3,16.8,5.4,1,76.2,Low,normal
STU0028,3,7.8,73.2,61.9,57.1,67.4,80.5,50.8,13.5,6.5,2,59.9,Medium,normal
STU0029,5,6.31,75.6,66.8,49.3,60.2,82.5,62.6,16.4,6.1,0,66.4,Low,normal
STU0030,4,7.75,97.6,58.3,64.6,70.5,79.2,84.8,12.3,7.8,0,81.4,Low,normal
STU0031,4,7.06,73.3,56.5,66.2,86.6,71.3,71.5,,5.8,3,75.7,Low,normal
STU0032,4,9.35,86.9,100.0,69.0,88.9,88.6,62.8,15.8,6.4,0,83.0,Low,normal
STU0033,4,8.64,100.0,80.5,87.8,86.7,92.1,91.2,21.9,9.2,2,100.0,Low,normal
STU0034,4,6.77,48.5436685419461,75.7144521902382,85.52832722073352,97.09395164717233,46.5,68.4,8.1,3.5,5,79.3,Low,low_attendance_high_performance
STU0035,3,7.35,42.3,50.4,36.9,38.3,35.1,57.3,7.1,1.8,5,50.3,Medium,normal
STU0036,4,5.88,58.5,57.3,50.8,41.6,64.1,52.9,2.9,2.4,8,24.1,High,normal
STU0037,3,8.3,71.9,92.5506870910331,31.22643623010165,35.778137079223946,50.6,59.5,9.8,4.3,4,45.3,Medium,sudden_decline
STU0038,6,8.13,96.5,90.1,90.9,100.0,84.9,76.4,15.3,4.7,0,76.9,Low,normal
STU0039,3,7.67,84.13570406782189,53.9,54.2,31.44706079870105,31.031912434594066,65.7,12.7,5.7,9,59.5,Medium,assignment_problem
STU0040,3,7.14,79.9,86.5,77.3,43.0,78.9,65.5,10.1,3.4,3,73.6,Low,normal
STU0041,5,8.11,82.9,71.7,71.6,93.7,99.7,57.6,14.0,7.6,2,70.0,Low,normal
STU0042,6,7.15,90.2,68.6,81.2,72.8,96.8,55.7,17.2,7.3,1,78.6,Low,normal
STU0043,6,9.21,58.1,87.4,82.3,67.4,80.6,94.4,13.5,6.9,1,74.5,Low,normal
STU0044,4,6.41,45.8,41.1,21.6,43.3,29.5,51.3,5.1,2.6,6,33.2,High,normal
STU0045,3,6.12,87.3,53.7,49.5,70.7,89.3,53.0,9.5,5.4,2,54.2,Medium,normal
STU0046,5,7.54,73.0,67.0,53.7,72.6,84.3,53.7,10.0,6.4,1,71.3,Low,normal
STU0047,5,7.79,71.8,63.9,62.2,88.2,67.0,77.4,14.0,5.7,3,83.2,Low,normal
STU0048,3,6.83,75.0,80.8,60.6,58.3,90.8,71.3,10.5,,2,63.5,Low,normal
STU0049,6,5.5,80.9,46.6,62.5,60.9,66.9,65.1,15.1,3.6,4,70.1,Low,normal
STU0050,3,9.16,93.5,93.7,94.8,79.0,100.0,94.2,18.9,8.3,3,94.5,Low,normal
STU0051,6,7.14,66.0,94.39340943371451,79.4717479483885,42.0,48.9,93.27850099383375,3.9784562432000183,0.5232143176356021,5,83.1,Low,low_engagement_high_performance
STU0052,6,7.06,62.6,46.7,43.9,65.9,91.7,35.9,21.3,5.7,5,54.3,Medium,normal
STU0053,5,6.17,50.7,43.9,32.8,52.6,54.3,45.6,9.1,0.1,4,44.8,High,normal
STU0054,6,4.38,49.2,30.6,5.4,41.5,63.3,33.7,2.2,0.7,5,32.3,High,normal
STU0055,5,7.4,73.7,54.5,57.1,69.2,68.5,71.8,14.5,5.5,1,72.2,Low,normal
STU0056,3,6.85,49.4,38.0,53.8,44.3,50.8,64.9,6.6,3.7,5,46.8,Medium,normal
STU0057,4,8.4,84.0,72.9,79.1,75.4,76.8,84.4,12.9,4.6,0,80.5,Low,normal
STU0058,3,8.15,91.2,67.8,72.2,84.4,91.1,60.4,11.3,5.6,1,91.6,Low,normal
STU0059,4,9.58,75.7,92.1,89.5,96.5,97.5,53.4,19.5,7.2,2,90.2,Low,normal
STU0060,5,9.41,86.8,82.8,76.8,90.0,89.8,74.5,9.6,5.1,8,84.5,Low,normal
STU0061,4,5.73,80.2,36.929023822691306,90.30806949605113,75.8,78.1,85.1439737670151,12.0,3.5,4,68.9,Low,sudden_improvement
STU0062,4,5.47,64.2,52.8,58.4,51.1,65.7,41.0,6.4,3.8,1,50.1,Medium,normal
STU0063,5,7.19,82.6,56.5,63.4,64.0,65.2,72.8,10.3,5.6,4,65.2,Low,normal
STU0064,6,7.14,68.5,78.7,76.4,70.1,82.9,46.1,13.0,4.5,3,77.4,Low,normal
STU0065,3,6.54,75.2,87.73413909741484,95.54209528404802,56.3,74.7,91.59828474621668,3.639235927947861,0.30895240607312235,1,74.6,Low,low_engagement_high_performance
STU0066,4,7.69,79.3,70.4,76.2,73.6,79.0,56.3,5.7,5.3,3,53.7,Medium,normal
STU0067,3,6.43,98.7,73.0,71.9,61.4,86.7,52.1,15.8,8.2,1,66.2,Low,normal
STU0068,5,3.52,72.6,21.0,32.0,46.0,66.4,35.5,9.2,3.8,2,28.3,High,normal
STU0069,3,9.69,98.4,100.0,95.7,100.0,95.0,72.3,21.7,8.3,1,96.0,Low,normal
STU0070,5,6.52,58.5,68.9,71.0,72.2,54.4,45.0,17.6,2.6,6,58.1,Medium,normal
STU0071,4,5.58,54.8,40.8,63.4,29.7,41.3,45.0,4.1,1.0,4,53.3,Medium,normal
STU0072,3,8.86,100.0,90.9,83.2,85.7,100.0,52.2,12.5,9.0,2,87.3,Low,normal
STU0073,6,7.75,55.56188790090458,93.95926036112866,92.31929084860779,79.82759403674346,88.6,63.7,16.3,7.9,1,80.0,Low,low_attendance_high_performance
STU0074,3,5.96,59.2,54.7,45.2,52.5,57.5,29.8,7.2,,3,58.2,Medium,normal
STU0075,4,5.6,56.8,34.9,36.2,45.9,31.4,31.1,11.4,1.7,6,45.1,Medium,normal
STU0076,3,5.55,62.1,25.9,40.6,49.8,54.3,38.2,12.3,1.0,4,40.5,High,normal
STU0077,4,3.58,60.6,25.1,26.5,61.0,52.9,48.7,9.8,5.5,7,36.5,High,normal
STU0078,5,9.63,91.8,87.8,100.0,95.1,75.9,88.6,12.6,7.9,1,91.6,Low,normal
STU0079,4,7.96,80.5,64.2,49.2,64.9,87.1,72.1,13.0,5.8,4,55.8,Medium,normal
STU0080,3,9.58,76.5,96.1,82.9,88.0,55.0,82.4,13.3,3.1,2,95.3,Low,normal
STU0081,4,4.78,74.4,43.4,42.6,49.7,70.9,27.9,11.3,4.0,3,45.7,Medium,normal
STU0082,5,6.19,67.2,41.9,57.7,48.1,71.7,52.3,6.2,4.5,3,43.4,High,normal
STU0083,6,8.76,75.2,85.3,80.2,91.1,86.5,76.8,17.1,3.3,7,85.9,Low,normal
STU0084,5,8.23,76.9,91.0,95.5,87.4,77.1,80.1,13.6,7.5,2,86.4,Low,normal
STU0085,5,6.72,65.6,55.2,38.0,49.0,67.7,35.5,9.1,6.1,3,34.9,High,normal
STU0086,3,6.79,55.2,63.3,49.5,67.3,73.9,65.8,8.1,7.2,1,52.1,Medium,normal
STU0087,4,4.63,78.3,53.7,46.6,64.6,61.8,27.0,8.5,3.2,2,43.5,High,normal
STU0088,3,7.73,48.1,100.0,76.7,75.9,67.8,50.9,11.8,5.2,5,76.2,Low,normal
STU0089,3,3.63,79.1,27.0,25.7,19.1,49.6,7.5,1.9,5.0,5,34.7,High,normal
STU0090,3,6.13,86.8,42.6,48.4,64.2,61.2,51.0,14.3,5.1,9,60.2,Low,normal
STU0091,5,7.38,81.4,71.7,72.0,78.6,88.1,58.4,11.2,5.7,0,80.3,Low,normal
STU0092,5,6.22,61.7,52.4,43.0,60.1,53.2,36.1,1.8,0.3,5,47.6,Medium,normal
STU0093,6,5.58,69.1,28.1,34.6,60.5,48.6,49.9,15.1,6.0,4,60.0,Low,normal
STU0094,3,7.95,77.8,69.7,64.6,86.8,74.3,50.7,11.7,6.7,2,77.3,Low,normal
STU0095,5,4.7,62.8,42.0,32.1,32.2,46.3,27.2,6.4,3.0,4,39.9,High,normal
STU0096,6,7.16,73.2,79.3,63.0,58.9,79.5,59.8,15.3,5.9,3,74.0,Low,normal
STU0097,5,7.81,60.4,70.3,67.5,66.8,58.0,55.1,13.6,3.5,2,64.8,Low,normal
STU0098,4,6.08,73.9,85.26925588297595,79.54617432424476,59.2,79.6,83.12185339501055,,0.5962589158180192,1,83.1,Low,low_engagement_high_performance
STU0099,4,9.9,74.0,64.5,100.0,71.1,77.4,,11.6,6.2,2,72.0,Low,normal
STU0100,3,8.1,87.9,92.0,88.8,91.1,95.2,84.8,12.6,9.3,2,86.5,Low,normal
STU0101,4,7.72,94.4,82.9,73.4,78.8,100.0,84.6,19.9,7.8,2,96.8,Low,normal
STU0102,5,5.85,84.3,63.9,90.4,87.5,82.3,55.3,19.5,9.5,2,76.7,Low,normal
STU0103,3,7.95,74.7,31.67151927015815,75.25724254460968,72.2,80.2,80.68353644487485,9.3,6.7,2,65.6,Low,sudden_improvement
STU0104,3,7.24,82.9,61.3,75.7,71.1,73.6,55.8,16.4,6.5,4,80.0,Low,normal
STU0105,5,7.88,45.6,51.3,60.9,49.2,30.7,61.7,2.1,1.0,6,60.9,Low,normal
STU0106,6,8.41,81.8,63.5,83.7,98.2,82.8,74.1,14.4,7.5,4,76.4,Low,normal
STU0107,4,6.16,83.1,54.0,57.1,63.2,71.3,42.2,7.7,5.4,4,58.4,Medium,normal
STU0108,5,5.89,78.2,47.1,38.1,59.4,73.1,44.7,12.8,4.7,2,43.6,High,normal
STU0109,4,8.35,82.7,100.0,87.2,69.1,69.3,61.4,13.5,5.1,3,84.5,Low,normal
STU0110,3,7.93,94.1,77.0,65.0,86.2,100.0,76.1,16.6,8.8,0,74.0,Low,normal
STU0111,4,7.3,81.3,65.5,52.1,48.3,58.8,30.6,12.2,3.5,3,65.8,Low,normal
STU0112,5,7.75,81.3,64.6,67.2,92.3,100.0,78.9,11.2,6.4,1,73.7,Low,normal
STU0113,6,5.84,64.8,45.3,47.7,29.9,49.9,53.7,3.6,4.0,6,42.2,High,normal
STU0114,3,6.58,41.65234861602637,92.80943721179365,81.97684983337186,80.40251494156277,42.9,30.3,9.2,3.9,2,71.5,Low,low_attendance_high_performance
STU0115,5,6.8,65.1,52.5,61.4,70.1,63.1,79.6,,4.0,3,68.0,Low,normal
STU0116,4,5.46,71.7,51.8,54.4,60.8,57.5,51.2,9.8,6.7,2,47.6,Medium,normal
STU0117,5,6.45,63.6,47.4,38.4,46.3,84.0,25.9,10.9,4.8,5,44.5,High,normal
STU0118,3,8.64,91.8,79.7,79.3,91.5,77.3,73.7,17.5,8.6,0,87.1,Low,normal
STU0119,4,3.43,83.87013446610757,45.8,36.7,29.045798039861563,54.67773582836059,23.0,7.8,0.0,6,59.6,Medium,assignment_problem
STU0120,6,7.24,94.8,75.9,86.1,82.5,89.5,72.5,14.6,8.7,0,61.9,Low,normal
STU0121,5,7.18,55.8,51.2,30.7,54.1,55.1,38.3,5.8,5.3,6,52.7,Medium,normal
STU0122,4,4.7,46.7,41.9,15.6,43.9,43.6,19.3,4.5,5.3,6,29.3,High,normal
STU0123,4,5.18,60.4,64.2,48.9,51.2,47.8,40.0,15.3,2.3,0,50.7,Medium,normal
STU0124,4,10.0,77.1,75.224343126594,78.92785790916649,94.3,78.1,82.19864323628603,1.2122345368665597,2.7313179514432773,5,78.7,Low,low_engagement_high_performance
STU0125,4,9.52,75.1,82.3,97.7,81.9,68.2,73.8,,8.2,3,86.9,Low,normal
STU0126,6,7.09,78.8,68.5,57.3,84.2,83.5,48.3,17.1,4.4,2,72.5,Low,normal
STU0127,6,3.83,67.6,46.9,37.7,58.9,53.7,21.5,5.6,5.2,5,35.9,High,normal
STU0128,4,5.33,87.1,58.6,68.5,68.0,78.5,,18.9,7.7,4,76.4,Low,normal
STU0129,4,8.87,93.20676680350739,28.29843711898186,27.97816101737907,99.0,87.4,44.79462765115973,17.9,7.2,0,29.8,High,high_attendance_low_performance
STU0130,6,5.84,82.3,72.1,81.1,69.7,61.2,68.5,14.6,5.1,4,72.8,Low,normal
STU0131,4,8.87,84.2,63.7,74.4,76.5,68.4,76.4,6.8,6.4,3,74.6,Low,normal
STU0132,5,8.21,97.8,78.8,69.2,85.2,86.4,85.1,18.0,6.4,0,92.5,Low,normal
STU0133,3,9.96,96.5,79.4,80.8,71.2,65.7,89.1,13.0,6.3,2,98.2,Low,normal
STU0134,5,8.82,63.1,68.2,67.7,69.9,76.9,61.0,5.9,5.6,7,61.3,Low,normal
STU0135,5,4.81,45.4,61.5,48.4,46.9,49.2,44.7,2.9,5.4,1,44.7,High,normal
STU0136,6,10.0,89.2,89.3,99.7,92.6,92.3,78.3,10.6,7.6,4,99.7,Low,normal
STU0137,6,6.9,84.7,65.9,68.2,68.4,79.6,56.9,9.3,6.3,4,75.8,Low,normal
STU0138,3,4.58,74.1,35.3,8.8,46.7,43.4,,10.4,3.9,5,34.2,High,normal
STU0139,5,6.75,88.7,58.2,43.7,71.3,83.3,64.9,10.5,3.8,4,55.5,Medium,normal
STU0140,6,7.03,46.7,39.571023549852086,76.94229424124,36.9,28.9,89.9100166408028,5.5,3.7,6,57.8,Medium,sudden_improvement
STU0141,4,6.76,56.8,51.1,54.1,67.6,39.8,52.5,11.0,2.2,5,69.1,Low,normal
STU0142,3,7.04,78.2,28.756184114728153,83.68962026407914,71.0,85.1,83.09898574524856,14.8,8.8,4,61.1,Low,sudden_improvement
STU0143,3,7.21,91.3,52.8,56.3,64.7,81.4,57.3,5.3,5.3,6,51.7,Medium,normal
STU0144,4,6.61,71.8,53.5,39.7,65.4,81.5,55.7,11.0,4.2,1,57.6,Medium,normal
STU0145,4,7.53,78.8,74.4,80.6,82.2,86.7,49.9,17.4,7.0,4,82.9,Low,normal
STU0146,5,9.54,81.4,72.4,87.0,69.4,79.8,64.0,14.2,,1,83.2,Low,normal
STU0147,3,8.3,79.4,69.3,58.0,86.4,79.6,81.5,19.3,5.0,3,85.0,Low,normal
STU0148,6,6.29,75.7,72.2,55.1,78.4,82.5,65.7,15.2,9.0,2,76.1,Low,normal
STU0149,4,8.95,77.4,89.7,82.1,73.2,78.2,67.8,8.3,5.3,5,80.7,Low,normal
STU0150,3,6.95,59.5,58.5,73.7,52.2,74.4,47.8,11.1,6.2,4,64.0,Low,normal
STU0151,4,5.45,37.7,37.1,53.5,34.6,42.1,35.6,4.5,2.7,2,30.5,High,normal
STU0152,4,9.27,99.8,84.1,88.2,69.2,86.7,81.9,17.9,5.0,3,97.8,Low,normal
STU0153,3,8.24,92.6,100.0,82.2,100.0,60.3,65.2,21.0,6.0,0,85.8,Low,normal
STU0154,4,6.66,74.3,63.5,64.0,71.6,62.8,49.7,12.6,4.0,2,61.0,Low,normal
STU0155,3,6.05,60.0,65.3,52.1,56.3,42.8,57.8,6.5,0.7,7,51.3,Medium,normal
STU0156,5,7.74,100.0,75.9,62.5,73.7,84.4,68.4,17.4,9.9,4,79.2,Low,normal
STU0157,6,9.06,68.0,81.1,47.3,70.7,73.6,64.3,13.4,6.0,1,61.8,Low,normal
STU0158,4,3.96,36.4,38.5,25.1,36.9,28.9,28.9,,2.2,6,21.5,High,normal
STU0159,5,9.11,86.2,97.8,89.4,100.0,95.0,80.3,17.2,8.9,0,94.8,Low,normal
STU0160,5,4.29,61.4,51.2,40.7,41.2,54.5,24.3,10.8,5.1,2,38.6,High,normal
STU0161,3,7.98,80.1,59.2,40.4,63.8,85.5,94.5,10.5,6.5,1,70.5,Low,normal
STU0162,6,8.27,72.3,69.9,81.5,96.4,65.3,76.3,16.4,7.7,5,77.1,Low,normal
STU0163,6,7.31,63.1,59.6,28.2,38.4,69.3,50.8,11.2,,4,64.9,Low,normal
STU0164,3,7.59,72.8,60.0,69.1,52.9,78.0,62.5,7.2,7.6,4,72.5,Low,normal
STU0165,3,8.66,85.8,71.9,82.1,81.8,92.3,91.4,20.9,6.1,2,90.4,Low,normal
STU0166,3,4.25,44.4,51.1,37.9,31.2,54.3,31.3,7.4,4.8,6,34.9,High,normal
STU0167,3,8.32,59.3,48.2,64.1,76.0,70.2,49.8,7.6,2.3,2,84.5,Low,normal
STU0168,5,9.04,73.3,69.5,61.6,84.1,78.4,55.0,16.0,5.3,3,70.7,Low,normal
STU0169,4,9.1,89.1,74.2,79.2,79.4,91.5,93.1,16.4,8.0,3,79.7,Low,normal
STU0170,6,7.6,71.2,50.5,68.8,84.4,85.6,49.4,19.4,5.8,0,76.1,Low,normal
STU0171,5,7.75,71.7,81.6,36.4,83.7,85.1,61.3,9.6,5.3,2,67.8,Low,normal
STU0172,5,9.1,65.1,58.5,61.2,70.9,60.8,55.3,6.4,2.9,1,62.1,Low,normal
STU0173,5,9.87,47.67937235912783,87.2249730904621,98.15529303274337,98.20531711297923,73.0,55.7,14.0,5.4,1,84.8,Low,low_attendance_high_performance
STU0174,3,8.69,78.5,96.0,89.3,100.0,78.3,78.4,17.8,7.9,1,99.4,Low,normal
STU0175,4,7.75,68.8,65.4,75.1,71.5,59.2,42.7,9.3,5.5,2,68.3,Low,normal
STU0176,5,9.15,73.9,33.24082069412696,72.93571669683688,88.5,81.4,71.20355966749023,10.7,5.8,3,84.7,Low,sudden_improvement
STU0177,3,6.72,72.5,91.93793392892518,41.76547310736238,45.458900835520964,73.2,81.9,12.7,7.8,1,42.9,High,sudden_decline
STU0178,3,4.19,60.3,45.6,18.4,52.5,61.4,42.8,,2.8,4,37.8,High,normal
STU0179,6,5.88,57.4,71.9,67.8,39.3,38.2,54.7,6.0,1.4,5,75.8,Low,normal
STU0180,5,8.79,91.8,92.7,88.9,90.8,97.0,93.6,14.8,6.6,0,98.8,Low,normal
STU0181,4,7.66,71.3,91.7481793975684,35.390230218417614,56.07388302886737,70.9,60.9,12.4,5.5,6,52.0,Medium,sudden_decline
STU0182,5,7.68,97.745910311106,42.20923313167704,25.095636861168167,63.2,86.8,37.24677592945082,11.3,7.5,2,56.5,Medium,high_attendance_low_performance
STU0183,6,5.23,60.9,35.5,42.1,41.9,62.3,40.9,11.2,2.9,4,45.2,Medium,normal
STU0184,4,4.95,67.5,28.4,32.4,57.0,57.0,33.7,7.6,0.5,5,35.5,High,normal
STU0185,3,6.2,83.6,70.6,89.3,61.2,95.8,45.1,16.8,8.4,1,84.9,Low,normal
STU0186,6,6.74,88.3,68.7,72.2,85.8,68.5,65.1,15.0,5.1,0,61.4,Low,normal
STU0187,4,4.09,46.6162222976443,94.16594339247982,89.15712578525819,93.90747044157027,74.8,25.8,5.1,4.0,7,93.4,Low,low_attendance_high_performance
STU0188,3,6.64,85.4,71.9,53.9,63.5,64.8,49.7,15.8,5.1,4,56.0,Medium,normal
STU0189,4,5.75,60.4,31.9,38.8,47.7,56.3,46.5,3.7,2.3,8,43.7,High,normal
STU0190,6,9.51,100.0,95.6,72.8,87.7,90.0,62.6,14.2,,0,85.6,Low,normal
STU0191,3,8.85,78.6,79.8,80.3,100.0,93.1,46.0,20.7,4.2,4,77.5,Low,normal
STU0192,4,6.6,56.1,50.5,51.6,66.7,51.5,29.9,10.8,1.3,3,58.0,Medium,normal
STU0193,3,8.26,60.4,53.3,48.1,57.8,54.4,78.2,13.4,5.2,4,63.4,Low,normal
STU0194,6,7.21,84.6,58.6,53.7,66.0,73.1,57.4,12.9,7.5,1,60.6,Low,normal
STU0195,3,6.62,76.1,64.4,75.5,64.0,76.8,63.9,11.5,4.5,4,69.6,Low,normal
STU0196,5,8.49,70.7,94.1,60.2,66.7,50.0,39.8,10.0,5.6,8,64.1,Low,normal
STU0197,6,5.96,53.2,55.2,21.6,37.3,74.2,28.1,9.2,4.8,3,38.7,High,normal
STU0198,3,5.97,42.63441417730888,86.5112808312785,91.3012564149419,83.79977655644136,56.0,26.0,7.7,4.6,6,85.9,Low,low_attendance_high_performance
STU0199,6,5.34,58.9,27.8,5.8,49.2,39.0,22.3,4.3,3.2,3,26.4,High,normal
STU0200,6,4.79,91.73404637711305,49.933916949243326,41.583402483637045,27.3,74.9,48.91070354867345,10.9,5.0,1,27.0,High,high_attendance_low_performance
STU0201,6,6.9,99.1,54.5,53.4,72.7,61.0,62.8,8.3,6.2,4,64.4,Low,normal
STU0202,3,8.34,87.7,70.5,71.3,92.7,81.2,90.8,11.1,10.0,1,96.7,Low,normal
STU0203,5,8.46,85.5,66.2,93.4,81.8,80.1,78.7,16.5,7.0,1,100.0,Low,normal
STU0204,6,6.04,67.8,41.3,35.2,72.7,56.3,60.0,10.9,4.8,3,47.5,Medium,normal
STU0205,6,9.08,61.9,66.4,76.5,60.5,60.1,91.9,12.3,2.3,3,69.9,Low,normal
STU0206,3,8.48,86.5,84.21533444439503,39.424704482513306,59.24382059221824,96.1,66.6,13.8,6.9,4,59.7,Medium,sudden_decline
STU0207,6,9.15,85.9,86.1,81.1,82.6,91.7,73.3,13.1,9.7,3,89.7,Low,normal
STU0208,4,7.86,74.1,69.4,73.9,66.9,79.2,45.0,13.7,6.7,5,79.7,Low,normal
STU0209,3,8.53,89.9,73.1,71.3,76.0,100.0,64.6,14.2,6.8,1,81.8,Low,normal
STU0210,4,9.16,55.171371892131255,82.60739191950782,90.91710868753276,81.89624467638023,72.5,75.1,12.7,6.9,3,84.3,Low,low_attendance_high_performance
STU0211,6,6.88,86.9,42.5,36.0,74.6,65.7,81.5,10.9,4.5,1,58.5,Medium,normal
STU0212,4,8.0,67.2,65.7,49.2,66.2,64.5,51.0,8.6,2.5,3,67.3,Low,normal
STU0213,5,6.69,62.3,49.5,49.1,49.3,65.7,54.9,17.2,6.0,5,55.1,Medium,normal
STU0214,6,8.99,95.9,88.9,77.6,92.6,86.0,57.5,12.9,7.6,1,95.5,Low,normal
STU0215,4,5.0,73.0,52.9,36.5,51.1,44.7,33.7,11.8,1.7,4,35.2,High,normal
STU0216,5,8.92,95.3,88.6,80.5,79.7,64.1,78.0,16.7,7.4,3,95.4,Low,normal
STU0217,4,7.21,82.7,85.6,88.1,95.8,81.4,79.2,17.1,5.5,2,70.0,Low,normal
STU0218,4,5.1,70.0,31.2,21.7,23.0,55.8,34.6,16.7,0.6,3,37.3,High,normal
STU0219,5,8.65,76.8,70.1,63.7,52.9,80.3,75.1,16.9,2.8,2,71.2,Low,normal
STU0220,6,6.17,62.1,33.7,29.3,36.1,48.4,43.2,9.6,1.8,3,30.0,High,normal
STU0221,5,7.44,65.2,53.4,52.9,74.8,59.7,64.1,6.9,2.6,2,46.4,Medium,normal
STU0222,6,7.62,74.6,74.3,55.6,55.4,68.4,46.8,7.7,2.3,3,55.1,Medium,normal
STU0223,3,10.0,94.8,87.1,71.7,78.0,89.4,61.7,15.7,8.5,2,87.0,Low,normal
STU0224,3,7.72,74.7,93.57825864747039,83.01772634960467,76.4,73.2,78.31989218727487,1.1403690638251653,0.5424794166404657,4,87.1,Low,low_engagement_high_performance
STU0225,5,7.19,82.2,55.5,54.3,79.0,94.6,57.2,,7.1,1,58.8,Medium,normal
STU0226,3,8.7,80.5,65.5,81.3,80.1,69.7,84.2,6.7,5.4,4,89.5,Low,normal
STU0227,4,6.27,47.1,91.92446392452297,41.907800237736254,43.54700141832494,38.0,40.3,8.6,0.6,6,62.8,Low,sudden_decline
STU0228,5,7.03,75.5,83.99872906207207,51.490975187683375,37.71245521556345,67.0,61.2,9.5,5.1,3,35.1,High,sudden_decline
STU0229,3,5.08,51.3,36.9,53.4,37.8,59.4,40.0,6.8,2.5,5,37.8,High,normal
STU0230,4,8.83,91.9,47.4,50.7,80.7,77.1,61.7,10.6,4.7,5,58.1,Medium,normal
STU0231,5,7.96,48.8,54.3,49.0,40.7,71.8,60.9,1.5,1.7,7,50.2,Medium,normal
STU0232,5,7.17,74.6,58.6,43.1,37.8,46.6,78.9,12.9,2.3,7,62.4,Low,normal
STU0233,6,6.02,74.6,61.8,47.3,65.8,77.9,85.4,17.8,6.0,3,52.9,Medium,normal
STU0234,5,8.26,51.6,65.4,84.4,76.7,63.8,67.8,8.3,3.6,5,76.1,Low,normal
STU0235,4,7.84,92.1,76.6,77.7,84.4,94.6,73.5,18.2,6.9,2,73.7,Low,normal
STU0236,6,5.47,44.3,34.8,28.8,41.9,33.6,48.1,2.6,1.0,4,31.4,High,normal
STU0237,6,7.35,73.6,69.4,50.4,54.6,95.7,62.9,14.9,6.3,3,69.5,Low,normal
STU0238,3,7.68,79.0,80.5,82.7,87.3,91.8,79.5,19.1,8.2,1,100.0,Low,normal
STU0239,3,4.4,75.4,45.5,58.2,64.8,61.1,31.2,,7.2,4,45.1,Medium,normal
STU0240,5,9.42,94.5,74.6,91.1,69.6,84.0,70.8,19.4,8.1,3,92.8,Low,normal
STU0241,5,5.49,53.3,60.4,52.9,50.8,37.7,55.4,6.4,3.4,5,49.9,Medium,normal
STU0242,6,5.55,52.0,49.8,28.0,41.1,68.3,,5.8,1.2,2,38.8,High,normal
STU0243,5,6.58,52.1,65.7,58.7,79.6,48.7,50.9,2.6,1.3,8,66.9,Low,normal
STU0244,5,5.72,51.080002869848464,76.49794797796191,83.77118204400655,75.86403047085992,74.4,35.8,12.1,7.6,2,69.5,Low,low_attendance_high_performance
STU0245,6,7.74,78.9,84.1,62.0,98.4,88.2,97.9,18.7,8.6,1,73.0,Low,normal
STU0246,5,6.13,43.6,62.0,38.9,45.8,59.2,62.8,1.7,1.1,4,54.1,Medium,normal
STU0247,3,7.98,80.3,63.6,83.7,64.3,87.2,76.6,17.4,7.6,2,92.7,Low,normal
STU0248,6,6.41,49.2,48.4,51.0,38.0,18.6,47.4,4.2,0.3,4,54.1,Medium,normal
STU0249,4,6.55,68.5,58.8,39.6,60.9,62.0,60.4,5.9,4.3,1,46.4,Medium,normal
STU0250,6,5.35,72.9,50.7,43.6,53.9,59.6,45.6,6.9,4.9,3,43.7,High,normal
STU0251,6,8.29,77.31768461453284,73.4,67.7,49.13273795674954,36.23976751820975,52.9,16.5,4.4,6,75.0,Low,assignment_problem
STU0252,5,9.75,76.3,80.4,93.4,97.6,82.3,90.5,13.1,5.6,1,100.0,Low,normal
STU0253,5,5.59,57.5,53.0,39.9,44.6,82.4,,15.3,8.3,7,53.2,Medium,normal
STU0254,4,9.71,78.10164311145589,80.3,86.1,37.2621645310613,35.56881579962118,88.2,9.3,6.3,7,55.1,Medium,assignment_problem
STU0255,4,9.05,94.5,89.6,97.4,92.5,99.1,52.9,14.5,10.0,1,100.0,Low,normal
STU0256,4,6.46,48.5,45.6,45.1,51.4,78.4,43.6,9.8,2.5,5,50.3,Medium,normal
STU0257,5,7.19,51.3,84.95725628333106,84.5065508892183,53.3,44.7,77.58922471749409,2.1142740318511413,2.48139260927657,2,74.4,Low,low_engagement_high_performance
STU0258,6,9.1,72.2,75.04094621707364,96.42081304673421,70.1,58.3,97.07794560707728,0.522487409521172,1.272431384281619,4,84.8,Low,low_engagement_high_performance
STU0259,5,7.13,76.4,58.0,72.0,62.3,78.6,26.0,13.0,5.4,3,54.2,Medium,normal
STU0260,3,8.78,78.2,76.6,80.8,77.6,80.3,54.3,16.1,7.7,0,100.0,Low,normal
STU0261,4,6.07,76.0,46.4,37.6,50.2,61.5,73.3,16.8,6.7,2,66.6,Low,normal
STU0262,6,7.49,53.5,71.2,51.5,58.7,48.0,61.8,2.6,1.5,5,54.5,Medium,normal
STU0263,4,9.34,51.29903131238138,81.79293720391259,87.23134307902274,98.35674246329299,90.0,75.8,15.6,8.2,3,84.1,Low,low_attendance_high_performance
STU0264,5,7.1,70.7,57.4,70.6,68.0,70.5,66.5,10.7,5.2,4,72.1,Low,normal
STU0265,6,2.77,64.3,29.8,10.4,56.3,55.7,27.1,12.1,5.0,1,34.2,High,normal
STU0266,5,4.6,58.2,30.9,51.6,44.0,58.3,45.6,11.3,4.1,4,39.0,High,normal
STU0267,4,8.62,84.9,65.3,74.2,74.2,78.9,61.6,11.0,4.8,5,70.6,Low,normal
STU0268,6,5.9,77.9,38.6,39.0,55.9,50.6,34.7,9.1,8.0,0,48.1,Medium,normal
STU0269,3,5.61,63.4,43.3,49.2,59.2,61.8,56.1,12.4,5.3,2,39.2,High,normal
STU0270,6,6.82,75.8,52.1,55.7,60.9,45.7,44.6,9.0,5.7,2,56.2,Medium,normal
STU0271,3,3.96,83.42459017339884,55.1,35.4,45.798329119015385,59.17067444202979,44.9,10.0,6.7,6,50.2,Medium,assignment_problem
STU0272,3,6.81,64.6,54.8,57.7,46.5,29.6,39.8,8.0,1.3,4,64.9,Low,normal
STU0273,6,4.64,66.6,31.2,31.8,30.9,74.8,45.8,13.6,7.3,2,37.2,High,normal
STU0274,3,5.7,39.0,54.4,55.2,35.9,45.8,46.6,4.8,3.3,5,56.0,Medium,normal
STU0275,5,8.31,86.4,80.7,72.2,65.0,74.0,89.6,12.1,5.5,1,63.4,Low,normal
STU0276,6,6.11,75.6,62.6,55.5,48.9,72.9,35.2,7.8,,1,67.1,Low,normal
STU0277,6,4.07,58.3,33.4,19.6,34.2,45.1,16.6,7.3,1.4,6,22.4,High,normal
STU0278,6,6.35,67.5,43.44617644772451,92.27137866201062,59.8,70.2,91.02443152936023,7.3,7.8,3,56.8,Medium,sudden_improvement
STU0279,4,6.81,60.4,20.5,19.6,51.7,49.8,37.5,8.1,4.3,4,42.8,High,normal
STU0280,5,6.07,42.2,33.8,30.8,41.9,33.9,57.9,7.6,1.2,3,44.4,High,normal
STU0281,3,4.51,56.0,38.97473945616505,84.14921809093362,18.5,56.2,72.79024166529669,6.4,5.0,3,87.5,Low,sudden_improvement
STU0282,4,5.75,72.4,51.9,41.9,53.3,50.1,15.9,7.9,1.9,5,36.4,High,normal
STU0283,6,7.37,74.5,55.1,67.0,69.4,56.8,62.2,17.6,4.3,1,61.2,Low,normal
STU0284,4,8.93,87.8,82.1,77.2,77.9,82.9,36.0,18.7,,3,87.8,Low,normal
STU0285,5,8.23,77.2,71.4,90.5,77.1,73.0,82.2,11.3,10.0,2,79.1,Low,normal
STU0286,5,8.97,84.5,81.9,75.8,88.5,85.6,93.1,16.1,5.9,1,85.9,Low,normal
STU0287,5,8.08,71.7,82.1,76.7,82.7,78.4,66.3,15.1,4.4,4,65.5,Low,normal
STU0288,6,6.7,79.9,68.4,52.6,52.5,80.0,55.3,15.0,4.6,3,69.2,Low,normal
STU0289,3,7.06,52.4,59.2,69.3,70.1,81.2,65.0,18.6,7.4,6,57.3,Medium,normal
STU0290,5,6.23,81.7,47.0,52.6,84.1,85.2,43.1,15.5,6.2,3,67.3,Low,normal
STU0291,6,6.89,81.5,72.8,73.8,93.2,60.6,77.1,14.9,6.5,4,67.7,Low,normal
STU0292,4,10.0,93.3,89.63192139267447,98.86816877864156,95.3,71.0,99.7004930146325,1.262602447016305,2.9468006641612776,0,81.4,Low,low_engagement_high_performance
STU0293,3,6.97,61.3,45.1,38.2,58.7,76.0,,12.3,3.5,3,54.2,Medium,normal
STU0294,5,5.89,77.3,65.7,62.9,77.9,70.4,49.0,14.8,5.8,1,60.2,Low,normal
STU0295,4,8.59,66.7,83.7,73.4,100.0,90.5,64.9,16.2,7.5,3,94.6,Low,normal
STU0296,3,6.89,66.0,70.5,66.6,62.8,57.2,43.0,5.2,4.0,4,63.5,Low,normal
STU0297,6,7.22,54.5,25.88648789194215,88.34679802490659,49.4,59.4,83.14046208640048,9.1,5.0,3,61.5,Low,sudden_improvement
STU0298,5,8.1,74.8,94.6,80.4,81.5,78.6,93.7,17.1,7.1,5,92.6,Low,normal
STU0299,6,7.29,69.4,35.8,51.0,95.9,88.1,53.5,11.8,6.4,3,50.6,Medium,normal
STU0300,6,8.11,89.9,81.9,95.9,60.0,79.2,72.6,15.8,4.9,2,63.7,Low,normal
STU0301,5,9.38,87.4,88.2,83.6,76.9,78.3,95.2,20.2,2.1,0,98.1,Low,normal
STU0302,3,8.28,72.6,69.6,89.4,58.1,54.2,62.2,7.7,6.0,4,69.3,Low,normal
STU0303,4,6.38,78.4,81.3,74.4,73.2,92.7,56.1,16.5,7.5,1,81.6,Low,normal
STU0304,3,7.21,68.0,67.9,62.5,57.2,66.6,61.9,11.0,6.0,4,67.0,Low,normal
STU0305,6,5.06,62.3,51.5,64.3,53.2,66.2,46.2,12.9,5.3,4,46.5,Medium,normal
STU0306,3,6.62,58.5,58.3,56.4,31.4,55.9,72.6,,1.9,5,61.8,Low,normal
STU0307,4,8.76,76.4,100.0,77.9,87.4,78.3,90.0,22.4,8.7,0,85.9,Low,normal
STU0308,5,5.27,84.7,68.1,62.6,76.1,83.3,57.1,13.8,7.4,7,54.4,Medium,normal
STU0309,4,4.27,65.2,50.6,38.7,46.5,54.8,55.9,8.8,5.5,2,38.6,High,normal
STU0310,3,7.85,84.5,60.8,43.9,71.3,67.7,62.8,13.8,9.2,4,52.2,Medium,normal
STU0311,5,8.2,93.31577529640367,28.894717748218987,36.77741010726409,69.8,74.2,48.043397222708926,11.2,2.2,4,57.2,Medium,high_attendance_low_performance
STU0312,3,9.64,70.8,75.7,93.7,86.4,80.8,75.2,18.0,7.0,3,80.8,Low,normal
STU0313,3,8.59,72.3,84.7,99.0,75.9,79.6,56.0,13.7,3.7,3,83.5,Low,normal
STU0314,4,6.81,48.8,50.7,49.5,55.5,55.0,58.7,13.8,3.6,4,53.9,Medium,normal
STU0315,5,4.09,53.7,25.0,25.0,58.2,67.6,37.7,10.1,2.5,4,28.0,High,normal
STU0316,5,7.31,73.4,64.6,72.1,62.3,64.3,59.0,13.7,4.6,6,55.0,Medium,normal
STU0317,4,8.08,99.8,61.2,75.3,70.4,70.7,64.7,11.9,5.6,0,96.3,Low,normal
STU0318,5,7.72,83.8,75.2,91.6,84.4,73.2,50.6,13.4,6.4,5,78.7,Low,normal
STU0319,4,9.88,100.0,82.0,88.8,77.0,78.0,73.9,16.8,6.9,3,100.0,Low,normal
STU0320,6,6.52,87.1,55.6,51.7,44.8,81.3,54.3,14.4,5.4,3,68.8,Low,normal
STU0321,3,8.32,67.3,74.4,60.0,70.4,79.9,55.6,11.8,5.0,7,65.9,Low,normal
STU0322,5,4.76,51.6,45.54072476464155,84.30223348530981,47.5,57.2,88.53906347271283,5.0,3.0,4,93.1,Low,sudden_improvement
STU0323,6,7.4,75.2,56.0,39.0,55.1,63.9,53.7,8.0,6.9,2,59.5,Medium,normal
STU0324,6,9.12,80.0,87.9,95.2,76.0,74.8,72.7,11.5,6.9,2,100.0,Low,normal
STU0325,3,7.35,51.8,69.8,67.9,49.1,54.6,46.2,10.2,2.3,3,70.4,Low,normal
STU0326,4,5.63,61.4,40.4,51.1,49.5,71.4,27.2,16.3,9.3,2,45.7,Medium,normal
STU0327,5,8.11,97.8,81.09832395307448,48.72529631910057,50.92224822149585,60.6,59.0,,5.4,7,26.6,High,sudden_decline
STU0328,3,5.63,70.4,68.2,73.6,47.8,83.7,57.4,8.3,3.6,4,69.4,Low,normal
STU0329,6,8.55,73.9,77.1,81.9,69.8,79.2,46.6,12.6,6.6,3,67.6,Low,normal
STU0330,5,7.17,80.6,78.1,70.9,69.2,85.0,72.3,19.7,7.0,1,81.6,Low,normal
STU0331,5,7.34,80.5,71.1,59.6,57.2,93.1,63.1,16.7,4.9,2,79.8,Low,normal
STU0332,3,5.46,52.2,46.5,27.9,49.4,49.2,25.1,7.0,0.5,5,32.8,High,normal
STU0333,5,9.18,92.63988021935798,29.346992060236566,49.945985827941016,84.9,78.2,22.1669201994095,19.7,8.4,4,33.6,High,high_attendance_low_performance
STU0334,5,8.94,95.0,52.9,56.2,85.8,93.1,63.5,22.7,8.1,2,83.8,Low,normal
STU0335,6,6.44,72.9,57.8,79.5,61.6,62.7,67.1,10.9,9.2,4,67.2,Low,normal
STU0336,3,8.53,88.8,91.4,100.0,78.7,92.7,74.4,15.0,8.6,2,83.1,Low,normal
STU0337,3,2.98,56.5,19.9,14.4,48.4,51.3,8.7,6.6,2.8,3,33.1,High,normal
STU0338,4,5.49,66.7,46.3,36.1,68.9,48.5,49.4,8.3,3.4,5,52.4,Medium,normal
STU0339,3,6.99,92.1,55.2,56.3,48.1,91.0,42.2,14.7,8.5,5,62.6,Low,normal
STU0340,5,9.41,83.6,67.2,83.4,77.5,75.2,69.3,16.6,4.7,3,90.6,Low,normal
STU0341,6,7.87,74.2,68.4,83.1,77.0,82.2,67.0,12.8,4.7,1,85.8,Low,normal
STU0342,4,7.49,78.6,62.0,41.4,65.4,86.3,72.5,20.0,7.5,2,64.2,Low,normal
STU0343,6,9.32,95.7,100.0,88.7,99.7,77.4,66.9,17.7,8.7,2,100.0,Low,normal
STU0344,3,7.57,82.2,62.0,62.1,63.7,75.2,57.8,15.2,5.8,2,81.5,Low,normal
STU0345,3,6.63,63.4,82.9,55.8,67.0,38.2,80.1,13.4,4.0,7,50.2,Medium,normal
STU0346,3,7.27,66.1,82.02664749597183,89.07540180048338,56.8,60.8,78.42633551458533,0.9204379018183073,2.231049122093821,4,80.0,Low,low_engagement_high_performance
STU0347,4,7.05,67.5,65.3,72.8,82.9,76.0,74.9,12.3,5.6,2,55.5,Medium,normal
STU0348,6,9.19,84.5,87.4,79.5,75.1,84.4,61.8,17.5,9.0,2,82.2,Low,normal
STU0349,3,7.06,62.1,66.8,44.8,65.1,73.8,51.6,,5.5,8,49.3,Medium,normal
STU0350,5,7.92,56.8,56.5,84.6,66.9,63.1,49.1,10.7,7.3,1,63.9,Low,normal
STU0351,4,6.27,60.3,57.5,55.2,46.0,50.9,39.5,7.1,7.0,4,63.8,Low,normal
STU0352,6,4.76,59.4,30.9,29.4,37.2,40.2,11.8,7.1,4.5,7,20.0,High,normal
STU0353,3,8.21,79.4,66.2,59.6,61.2,100.0,63.3,,8.1,1,74.0,Low,normal
STU0354,3,8.1,86.7,80.8,78.7,67.5,99.8,84.4,7.8,9.9,0,83.5,Low,normal
STU0355,3,8.55,89.4,81.3,82.0,90.0,85.3,79.3,17.1,7.0,1,86.1,Low,normal
STU0356,4,8.01,94.1,66.6,45.8,64.1,83.5,78.9,14.7,5.3,0,71.1,Low,normal
STU0357,4,8.42,100.0,88.0,75.8,83.1,79.5,82.3,19.8,7.0,5,67.4,Low,normal
STU0358,6,7.12,74.2,76.7,82.7,78.2,62.4,59.9,9.9,4.3,3,68.6,Low,normal
STU0359,5,8.39,50.4,51.6,78.4,51.7,50.3,76.2,1.8,2.9,4,80.1,Low,normal
STU0360,5,7.55,73.6,74.1,68.2,75.7,71.1,58.8,13.7,6.5,0,62.6,Low,normal
STU0361,5,7.93,81.7,69.5,80.4,76.7,90.6,74.9,15.4,6.7,1,92.4,Low,normal
STU0362,3,9.44,76.6,71.6,70.7,80.3,91.8,55.8,13.7,6.1,0,67.7,Low,normal
STU0363,4,6.87,89.1,63.5,58.7,81.7,86.5,66.7,14.6,6.8,1,57.0,Medium,normal
STU0364,6,7.82,70.8,61.2,68.7,63.1,63.6,66.6,6.7,7.0,5,60.0,Low,normal
STU0365,6,5.79,52.1,50.4,57.4,54.6,25.2,41.2,3.9,2.4,4,59.2,Medium,normal
STU0366,6,5.81,88.9,59.4,68.1,72.0,83.1,39.4,12.0,7.3,7,57.7,Medium,normal
STU0367,6,7.37,76.7,76.2940367789667,94.91872585708441,45.9,45.7,97.3034896790502,3.038952021358743,1.1559052113508101,3,76.2,Low,low_engagement_high_performance
STU0368,3,8.32,53.6,75.8,62.1,67.4,43.6,64.6,6.7,0.0,6,66.5,Low,normal
STU0369,3,8.1,99.7,84.4,82.5,85.5,97.7,73.4,15.7,5.1,1,84.3,Low,normal
STU0370,3,9.31,75.5,89.6084358602555,53.64693476767666,37.362862770599854,84.7,82.0,18.1,9.0,4,45.1,Medium,sudden_decline
STU0371,4,8.81,92.3,70.6,82.6,85.5,77.1,89.0,13.3,5.6,1,91.6,Low,normal
STU0372,3,8.35,95.7,89.3,87.6,90.0,80.3,59.8,17.3,6.6,3,75.7,Low,normal
STU0373,4,7.16,95.5,80.9,94.5,90.4,78.5,64.4,15.1,7.8,4,82.3,Low,normal
STU0374,5,6.77,75.7,63.1,83.2,87.7,59.6,62.3,17.1,6.5,2,88.6,Low,normal
STU0375,6,8.95,43.1492682143205,82.46732097941737,81.82209758750525,84.07202585848685,70.3,62.1,12.8,6.5,3,70.0,Low,low_attendance_high_performance
STU0376,5,5.89,63.8,54.7,34.7,64.2,56.2,55.7,12.5,8.3,9,38.5,High,normal
STU0377,6,5.91,59.6,48.5,46.8,38.2,59.7,29.1,7.5,5.7,3,37.3,High,normal
STU0378,3,8.19,100.0,69.6,100.0,85.7,90.5,92.0,16.4,6.2,4,96.5,Low,normal
STU0379,3,7.3,53.2,48.6,35.1,45.2,56.2,55.3,10.0,3.8,6,55.2,Medium,normal
STU0380,5,8.43,74.2,60.4,68.8,71.4,55.1,60.4,12.5,3.8,3,62.9,Low,normal
STU0381,4,8.61,93.1,100.0,95.1,89.5,74.0,75.4,15.3,6.8,4,96.3,Low,normal
STU0382,4,7.57,75.0,69.5,74.6,77.0,72.0,60.9,18.2,4.8,1,88.3,Low,normal
STU0383,4,8.51,95.8,67.7,70.5,78.8,82.6,60.5,17.7,4.6,4,87.7,Low,normal
STU0384,4,7.88,96.6180669625509,28.630760589202552,49.64921639891068,74.6,77.0,45.634432858012175,13.0,6.8,3,32.9,High,high_attendance_low_performance
STU0385,5,6.32,61.9,61.2,24.4,46.8,63.5,60.7,7.2,3.9,3,53.5,Medium,normal
STU0386,4,7.51,60.3,41.7,27.9,68.6,79.9,39.6,8.5,5.5,4,48.2,Medium,normal
STU0387,5,6.17,80.4,54.4,54.1,51.4,87.8,40.8,16.8,7.0,1,57.0,Medium,normal
STU0388,5,7.01,85.4,77.7,84.7,89.9,96.4,68.7,16.2,7.4,3,80.4,Low,normal
STU0389,4,4.81,69.7,35.6,39.7,53.3,72.0,54.3,14.3,7.0,5,41.5,High,normal
STU0390,4,5.66,78.6,55.1,42.4,67.5,84.1,43.5,9.3,4.1,1,51.6,Medium,normal
STU0391,3,6.52,71.8,68.4,43.4,58.2,53.8,63.2,8.3,3.0,6,66.3,Low,normal
STU0392,4,7.54,79.2,73.6,77.0,79.4,90.4,72.3,11.8,7.4,2,64.0,Low,normal
STU0393,5,7.66,88.04393484511746,64.8,73.7,29.97098123310804,52.480395424320434,40.9,8.3,5.9,7,61.6,Low,assignment_problem
STU0394,6,7.1,67.0,64.3,66.7,63.9,41.5,44.0,7.4,6.1,4,69.3,Low,normal
STU0395,5,7.46,65.6,94.1,88.5,69.9,79.8,74.7,11.9,6.2,6,78.1,Low,normal
STU0396,3,6.7,50.6,72.7,45.3,69.2,55.4,35.6,11.1,3.9,3,42.3,High,normal
STU0397,5,6.3,74.8,52.2,41.6,41.8,51.8,46.9,7.1,5.0,7,49.2,Medium,normal
STU0398,5,7.21,69.2,70.3,82.1,56.6,50.0,35.1,4.6,3.2,3,65.3,Low,normal
STU0399,4,5.17,69.3,34.0,46.8,52.7,44.5,50.1,1.5,0.5,4,41.8,High,normal
STU0400,5,6.55,84.3,57.3,33.2,71.9,73.5,55.4,15.0,,0,63.0,Low,normal
STU0401,4,7.55,90.3,66.8,73.1,85.4,81.2,77.9,12.7,7.3,4,66.5,Low,normal
STU0402,5,5.82,61.6,45.5,46.4,41.0,58.6,36.1,10.3,,9,47.2,Medium,normal
STU0403,5,6.87,76.5,26.4,36.5,75.3,72.8,54.3,15.2,5.1,2,52.2,Medium,normal
STU0404,3,4.3,76.1,43.2,10.6,40.4,75.3,28.0,9.7,3.0,7,34.4,High,normal
STU0405,5,7.96,82.6,60.9,65.2,89.6,84.2,50.0,11.8,6.1,2,57.5,Medium,normal
STU0406,3,5.27,66.3,56.2,35.4,45.9,56.4,36.0,3.1,6.2,4,42.2,High,normal
STU0407,3,8.03,71.3,63.8,50.0,46.5,72.5,63.2,6.5,3.5,2,62.7,Low,normal
STU0408,6,7.78,93.5,81.4,69.7,63.4,81.0,65.6,12.4,8.4,4,80.0,Low,normal
STU0409,6,6.86,52.9,40.2,40.5,46.9,56.1,63.5,3.2,4.4,5,65.4,Low,normal
STU0410,3,9.33,76.9,93.7,88.1,88.0,91.2,87.6,13.0,7.7,2,97.2,Low,normal
STU0411,4,5.81,78.4,72.1,45.0,74.3,47.3,53.9,10.9,3.2,5,60.9,Low,normal
STU0412,3,4.51,36.4,55.1,41.4,30.0,38.2,23.2,5.0,2.0,5,50.5,Medium,normal
STU0413,4,6.69,65.7,59.1,29.8,49.3,57.1,42.7,5.2,,2,48.0,Medium,normal
STU0414,6,6.62,68.5,90.37768837726209,39.84530769150783,41.65371980384407,61.4,39.1,16.3,3.6,4,44.9,High,sudden_decline
STU0415,6,7.78,81.4,56.8,26.6,59.6,70.2,54.9,5.8,3.8,4,64.4,Low,normal
STU0416,5,5.92,83.2,56.9,45.8,74.3,65.3,36.0,11.9,5.9,4,51.8,Medium,normal
STU0417,4,7.17,95.3,56.1,76.5,69.0,76.1,61.6,16.4,9.7,1,89.6,Low,normal
STU0418,5,7.41,72.1,48.7,36.4,62.2,47.6,60.6,8.7,4.5,3,58.6,Medium,normal
STU0419,4,6.43,76.8,44.5,61.9,69.3,57.1,63.0,9.3,4.8,4,78.8,Low,normal
STU0420,6,5.38,43.8,31.2,43.1,42.6,59.1,45.3,8.0,4.6,6,44.6,High,normal
STU0421,6,6.79,69.9,64.7,21.3,65.7,43.9,34.0,9.4,,7,44.3,High,normal
STU0422,5,5.86,59.6,56.4,48.0,44.1,57.4,47.0,9.2,4.3,3,46.2,Medium,normal
STU0423,4,8.62,77.6,78.7,46.2,93.5,67.1,84.8,8.3,4.3,4,70.4,Low,normal
STU0424,4,6.85,60.6,69.5,65.0,85.9,61.3,80.9,5.9,3.9,3,64.7,Low,normal
STU0425,3,9.32,88.0,65.0,79.3,92.0,80.0,60.2,17.5,10.0,0,94.1,Low,normal
STU0426,6,8.06,92.9,61.0,34.9,94.4,79.3,55.5,12.5,6.2,7,63.1,Low,normal
STU0427,4,6.85,83.8,43.7,66.5,54.9,62.3,57.9,11.2,7.1,0,50.0,Medium,normal
STU0428,4,5.23,60.4,33.8,36.1,48.5,64.4,33.1,7.8,6.1,5,44.1,High,normal
STU0429,4,8.55,95.5,91.4,80.0,100.0,88.0,69.5,15.7,7.8,4,88.0,Low,normal
STU0430,6,8.68,81.8,69.3,91.3,76.0,79.5,54.3,14.0,7.6,4,77.3,Low,normal
STU0431,3,10.0,85.7,80.0,64.8,70.7,79.4,69.7,11.0,6.3,0,84.3,Low,normal
STU0432,6,4.18,50.3,11.8,5.6,21.0,50.7,7.4,11.4,0.5,8,19.7,High,normal
STU0433,6,6.39,77.7,53.8,27.5,80.4,65.5,52.4,8.2,2.5,4,57.8,Medium,normal
STU0434,6,8.77,79.4,71.7,99.0,77.2,75.8,88.4,12.6,6.2,5,91.0,Low,normal
STU0435,4,8.82,99.0980671826686,34.97841007734257,27.23436944712301,82.2,82.3,26.360126274642788,11.8,5.8,3,49.8,Medium,high_attendance_low_performance
STU0436,3,3.43,73.0,35.9,45.9,43.0,71.5,43.5,9.4,8.4,4,34.5,High,normal
STU0437,4,8.5,81.0,77.7,80.6,90.3,75.8,81.8,15.3,6.9,3,100.0,Low,normal
STU0438,4,5.19,67.8,47.6,50.8,44.5,62.6,44.0,9.2,7.3,6,38.1,High,normal
STU0439,3,3.95,55.1,52.8,37.2,36.4,65.2,11.7,6.2,2.3,5,36.5,High,normal
STU0440,5,9.93,81.02014080645677,90.8,91.5,38.42574639248693,43.16952491690535,85.5,13.7,9.5,7,55.3,Medium,assignment_problem
STU0441,4,6.89,93.0,48.8,61.3,63.0,89.7,61.6,12.1,7.3,1,70.3,Low,normal
STU0442,6,5.48,39.8,30.9,26.0,37.0,39.6,36.6,5.0,,9,35.9,High,normal
STU0443,3,7.8,64.7,62.5,58.7,74.8,50.1,50.4,16.0,3.9,10,61.2,Low,normal
STU0444,5,4.91,76.8,88.97810155536669,46.25681091784442,54.12350260691652,62.7,42.4,8.8,5.9,6,49.8,Medium,sudden_decline
STU0445,6,2.59,54.2,0.0,9.9,33.7,53.8,24.8,8.5,5.7,2,30.4,High,normal
STU0446,6,7.94,55.9,78.5,49.4,58.1,54.7,88.7,5.7,1.8,7,62.5,Low,normal
STU0447,6,7.74,51.1,59.9,34.9,41.5,66.4,49.1,5.8,0.4,4,58.8,Medium,normal
STU0448,5,5.64,90.3,57.5,64.1,83.4,90.5,65.4,15.6,5.4,1,78.8,Low,normal
STU0449,6,5.98,80.4,45.1,43.9,56.1,70.5,50.5,15.8,9.9,5,63.1,Low,normal
STU0450,4,9.17,77.4,85.2,89.4,85.2,75.6,74.7,14.7,8.2,0,87.3,Low,normal
STU0451,5,3.11,57.0,30.7,17.8,43.3,71.6,34.6,6.8,6.1,7,18.9,High,normal
STU0452,3,7.99,60.7,68.6,48.8,75.4,61.0,46.9,8.0,5.2,1,67.1,Low,normal
STU0453,3,7.38,85.9,53.0,48.5,80.3,77.2,60.9,13.8,6.9,0,71.1,Low,normal
STU0454,3,6.88,92.12631836202904,71.6,54.6,31.36509142752349,32.6061349920745,27.6,1.5,2.5,10,53.8,Medium,assignment_problem
STU0455,3,9.88,100.0,71.0,75.9,94.7,100.0,71.3,15.9,10.0,5,86.8,Low,normal
STU0456,4,8.89,91.2,83.2,88.8,77.9,83.4,67.1,16.8,5.7,2,84.3,Low,normal
STU0457,3,8.37,87.9026485163608,77.4,79.8,43.867266433295555,40.37977038484028,86.3,16.4,9.7,10,46.9,Medium,assignment_problem
STU0458,3,6.95,83.8,58.7,80.6,52.0,64.5,75.8,15.2,6.3,3,86.4,Low,normal
STU0459,6,8.28,78.1,82.8,87.4,80.6,93.5,73.3,20.8,3.9,2,94.0,Low,normal
STU0460,3,9.08,100.0,40.75979653505521,72.57978498905315,83.2,87.2,81.94731328660542,15.6,9.0,5,67.9,Low,sudden_improvement
STU0461,5,8.83,88.3,91.2,95.1,73.2,99.3,84.3,17.7,6.1,2,99.2,Low,normal
STU0462,3,7.98,69.6,76.2,56.0,78.1,71.4,52.1,9.9,6.1,4,74.6,Low,normal
STU0463,6,3.17,50.1,23.6,26.6,41.9,58.4,,6.7,5.2,7,29.5,High,normal
STU0464,6,7.74,82.6,61.7,51.2,65.1,69.7,46.2,10.4,6.7,2,80.5,Low,normal
STU0465,5,7.0,98.5107500432172,46.78493802577752,49.20853989272149,34.2,39.5,49.144042678340234,6.7,2.1,1,41.6,High,high_attendance_low_performance
STU0466,5,4.39,68.8,51.1,53.6,46.1,56.8,27.1,11.0,6.5,6,51.5,Medium,normal
STU0467,3,8.82,77.7,84.4,70.2,51.8,77.8,75.6,19.6,,3,85.2,Low,normal
STU0468,6,8.09,55.5,62.8,52.6,54.2,61.4,56.4,11.6,4.6,3,59.4,Medium,normal
STU0469,6,7.43,81.5,92.6,92.1,88.4,79.0,91.3,13.3,8.8,2,93.3,Low,normal
STU0470,6,5.89,48.1,53.8,49.3,40.7,44.6,41.4,6.5,4.0,7,55.5,Medium,normal
STU0471,5,7.68,73.9,71.6,75.1,64.3,80.1,73.3,13.5,4.8,2,77.2,Low,normal
STU0472,4,6.58,46.1,37.8,30.2,49.3,37.2,,9.4,3.0,3,51.6,Medium,normal
STU0473,6,7.5,88.0,69.1,60.1,63.5,75.6,45.1,12.9,5.5,1,69.2,Low,normal
STU0474,4,6.52,93.09255851600328,34.6,35.1,48.346705788131004,46.69645386167039,58.1,4.8,1.4,6,55.6,Medium,assignment_problem
STU0475,5,7.91,84.5,62.1,82.1,82.9,79.6,64.2,11.1,6.6,1,75.9,Low,normal
STU0476,3,4.71,48.6,40.8,45.2,67.2,53.5,49.8,4.5,2.9,3,44.7,High,normal
STU0477,6,8.66,91.2,100.0,83.1,90.6,100.0,75.4,14.9,10.0,0,91.3,Low,normal
STU0478,3,7.44,61.4,87.89562194144193,87.22040631222026,49.4,67.6,92.52441752656308,1.9205179401778985,0.8890539180302576,7,79.9,Low,low_engagement_high_performance
STU0479,3,6.88,46.0,54.8,42.7,47.1,43.1,,7.4,1.8,4,37.6,High,normal
STU0480,5,8.29,94.5,74.4,93.4,97.3,74.7,94.1,21.0,7.8,1,84.1,Low,normal
STU0481,6,7.72,72.1,43.7,81.1,69.7,62.7,62.8,6.9,3.8,6,85.3,Low,normal
STU0482,5,6.47,79.6,54.7,53.9,92.3,57.6,,15.3,4.4,5,64.5,Low,normal
STU0483,3,7.16,83.7362851715337,77.2,74.0,45.99459630411475,35.38373638378421,100.0,8.7,6.5,10,49.8,Medium,assignment_problem
STU0484,3,6.85,90.3,62.1,50.0,69.0,96.6,68.1,14.1,4.9,5,70.7,Low,normal
STU0485,6,7.9,67.2,84.9125227708892,76.33770989735433,80.3,71.4,99.69714303794137,2.745925996345053,2.716293923688315,2,77.8,Low,low_engagement_high_performance
STU0486,6,5.92,48.2,49.6,39.6,58.1,56.5,32.9,8.4,3.9,2,30.8,High,normal
STU0487,6,7.54,76.80654015567355,74.5,77.2,26.28178695944173,30.850547423292845,67.9,10.3,5.6,9,47.6,Medium,assignment_problem
STU0488,4,6.1,60.9,66.8,82.3,60.4,76.5,44.5,12.9,6.0,2,60.3,Low,normal
STU0489,6,5.45,36.1,30.9,24.3,47.8,20.5,45.2,3.5,1.3,8,35.0,High,normal
STU0490,4,7.32,65.2,88.2208075370851,32.13332455747914,44.30207596119136,62.9,33.1,11.6,6.0,2,26.9,High,sudden_decline
STU0491,5,5.79,95.7,64.7,38.6,72.0,61.1,42.5,10.5,6.1,6,57.5,Medium,normal
STU0492,4,8.53,92.7,43.7,58.5,63.7,77.6,63.1,14.6,4.5,4,52.8,Medium,normal
STU0493,4,7.54,78.1,48.4,62.5,47.1,58.1,54.8,11.2,6.9,6,61.6,Low,normal
STU0494,6,8.11,83.3,58.2,64.3,100.0,100.0,61.8,14.6,7.1,2,79.0,Low,normal
STU0495,5,6.97,96.3,76.1,39.4,75.7,80.8,46.4,14.7,4.7,3,52.9,Medium,normal
STU0496,4,6.81,40.70846779686302,86.68270624552919,91.16821184551424,85.63529976479546,66.8,74.4,9.8,,4,87.8,Low,low_attendance_high_performance
STU0497,4,7.44,81.9,93.47991961255687,45.89590891300294,54.509636202535944,67.0,67.0,13.5,4.5,6,52.1,Medium,sudden_decline
STU0498,3,7.42,85.9,84.0,90.0,85.5,95.5,58.9,14.6,5.8,7,87.2,Low,normal
STU0499,5,7.54,52.1,57.9,79.4,60.5,46.4,42.8,6.3,1.5,3,49.0,Medium,normal
STU0500,3,8.33,41.3,45.2,45.3,39.1,38.7,50.7,4.9,0.0,1,60.9,Low,normal
STU0501,3,7.13,75.1,78.8,56.8,60.9,76.0,65.8,11.0,3.9,6,68.8,Low,normal
STU0502,5,6.53,77.4,56.9,40.8,44.2,65.4,58.0,7.6,6.2,5,52.7,Medium,normal
STU0503,5,5.3,76.9,50.8,52.3,70.6,71.0,62.4,12.5,5.1,3,46.0,Medium,normal
STU0504,6,5.31,60.3,36.0,38.7,40.9,36.2,17.1,11.7,5.6,6,33.8,High,normal
STU0505,5,6.89,96.0,40.1,42.5,71.1,68.8,52.9,15.3,5.2,1,64.6,Low,normal
STU0506,6,8.89,65.3,68.0,86.0,99.6,90.9,93.1,16.9,4.8,2,95.4,Low,normal
STU0507,6,5.56,65.6,59.4,51.7,51.2,69.4,57.6,8.2,4.0,2,47.3,Medium,normal
STU0508,6,6.91,71.7,51.6,51.9,56.6,66.4,55.6,11.4,6.5,6,67.7,Low,normal
STU0509,5,7.6,65.3,61.7,47.7,57.6,43.4,84.6,6.2,3.6,0,69.5,Low,normal
STU0510,4,5.31,72.2,24.8,29.3,54.6,54.2,47.6,10.3,10.0,4,43.9,High,normal
STU0511,6,6.03,69.1,32.2,10.1,63.9,70.4,52.9,13.2,4.8,4,36.7,High,normal
STU0512,4,7.97,93.85280634064654,27.345953833771794,46.266063703683734,75.0,72.4,46.123806382312495,11.6,6.2,0,35.0,High,high_attendance_low_performance
STU0513,3,5.38,58.4,38.9,29.7,28.3,43.0,20.8,7.0,0.0,1,52.3,Medium,normal
STU0514,4,6.55,62.2,67.0,53.7,63.0,63.0,33.9,12.5,4.7,1,60.2,Low,normal
STU0515,3,8.61,97.1,91.8,90.1,99.1,98.3,75.6,19.3,8.6,1,100.0,Low,normal
STU0516,6,10.0,100.0,81.0,87.8,72.5,85.9,75.8,11.6,6.5,1,91.2,Low,normal
STU0517,5,7.53,70.0,67.3,62.4,87.9,89.1,36.4,15.4,6.8,0,65.3,Low,normal
STU0518,5,7.17,54.3,46.7,44.8,53.9,53.5,32.5,7.1,3.1,1,56.5,Medium,normal
STU0519,5,6.19,68.7,65.3,31.3,48.4,45.4,35.9,5.5,2.6,4,65.1,Low,normal
STU0520,4,6.42,88.7,78.6,63.7,81.9,69.0,70.9,13.7,,1,68.4,Low,normal
STU0521,3,8.06,73.2,60.6,57.2,55.2,44.3,53.7,12.5,3.8,6,69.3,Low,normal
STU0522,5,7.28,67.6,65.8,54.3,74.6,64.7,58.0,9.7,5.4,0,67.4,Low,normal
STU0523,5,7.21,51.6,79.1,75.7,55.1,65.1,47.8,7.2,2.9,4,55.8,Medium,normal
STU0524,4,5.12,60.8,45.7,30.0,32.0,65.7,35.2,8.9,5.7,4,29.8,High,normal
STU0525,6,4.46,73.1,56.9,44.1,35.0,53.7,52.1,12.1,4.5,2,45.7,Medium,normal
STU0526,3,8.2,69.2,51.3,65.7,78.2,63.2,70.1,11.2,5.1,2,73.3,Low,normal
STU0527,3,6.24,69.4,64.7,67.2,51.7,71.1,37.0,6.8,2.1,1,68.2,Low,normal
STU0528,3,9.31,71.2,79.93982137494729,95.09122657651143,92.0,73.0,92.71037150201285,1.8721508626691192,1.2629026812389346,6,80.7,Low,low_engagement_high_performance
STU0529,4,9.19,89.2,100.0,97.6,95.6,95.1,85.7,15.1,5.8,1,100.0,Low,normal
STU0530,6,4.27,56.2,55.8,17.4,57.6,42.3,32.6,6.3,4.2,1,38.5,High,normal
STU0531,6,4.88,60.2,42.3,50.3,47.1,49.2,36.1,10.1,1.6,4,45.7,Medium,normal
STU0532,4,6.93,33.0,70.6,72.0,49.3,31.3,42.9,0.1,3.6,7,62.8,Low,normal
STU0533,5,6.9,38.5,70.3,48.3,35.7,32.8,53.5,3.6,3.0,5,66.9,Low,normal
STU0534,5,7.14,55.4,53.9,51.3,60.1,42.5,44.5,2.2,4.4,8,55.8,Medium,normal
STU0535,3,3.63,35.9,54.3,21.1,34.2,39.5,22.4,5.4,3.2,5,20.5,High,normal
STU0536,3,5.66,76.9,57.2,32.1,60.9,47.7,42.2,9.9,4.3,4,49.5,Medium,normal
STU0537,6,5.33,48.3,86.09334468204466,85.09075909463418,63.1,23.5,93.62501117147585,2.9431497345942645,1.700352884068979,5,76.0,Low,low_engagement_high_performance
STU0538,5,9.04,94.86208611988363,39.22643878851266,32.74525122826131,66.9,82.2,49.75505677277725,9.2,8.5,4,55.4,Medium,high_attendance_low_performance
STU0539,6,6.22,76.1,78.74948547427282,40.120857572991476,52.567598303496155,56.8,63.0,10.1,4.3,4,52.0,Medium,sudden_decline
STU0540,4,9.73,80.3,77.77720812862583,88.5448657817596,82.7,87.1,99.95895032572837,2.964142992866727,0.3357000578882102,5,77.0,Low,low_engagement_high_performance
STU0541,5,5.51,43.7,56.8,33.8,32.4,44.8,58.5,0.9,3.7,8,31.9,High,normal
STU0542,3,6.56,56.4,53.6,49.7,52.9,78.5,63.8,8.2,4.9,4,61.6,Low,normal
STU0543,4,9.11,83.2,70.1,74.4,95.3,99.1,59.2,21.0,8.5,4,73.2,Low,normal
STU0544,5,6.54,64.7,68.0,69.1,60.0,58.2,49.8,9.2,3.6,4,69.6,Low,normal
STU0545,4,7.03,94.9,51.9,62.2,79.1,67.4,59.6,9.2,5.8,3,71.4,Low,normal
STU0546,3,7.87,88.5,83.9,100.0,66.0,100.0,54.4,13.7,10.0,1,81.8,Low,normal
STU0547,4,8.35,100.0,87.8,97.3,99.5,81.3,74.2,15.5,8.0,2,90.1,Low,normal
STU0548,3,6.94,62.5,67.0,55.6,57.6,53.5,,13.9,3.1,4,61.9,Low,normal
STU0549,5,6.31,70.8,73.0,57.1,54.6,56.3,56.7,13.2,2.3,0,59.1,Medium,normal
STU0550,4,4.8,44.2,42.09082350242762,89.8614803456324,43.3,58.5,90.56663117461214,11.9,4.7,5,74.5,Low,sudden_improvement
STU0551,3,7.1,77.5,60.2,67.0,50.6,77.9,53.5,12.7,7.0,1,67.0,Low,normal
STU0552,3,5.49,71.9,46.1,30.0,35.7,58.8,6.1,11.7,3.3,2,41.3,High,normal
STU0553,3,8.56,78.1,93.0,88.6,87.6,84.7,80.1,10.7,7.0,4,96.7,Low,normal
STU0554,5,6.66,100.0,53.8,42.7,73.2,91.4,67.4,20.0,10.0,0,59.5,Medium,normal
STU0555,3,7.13,81.2,68.8,51.0,67.1,64.4,75.8,13.9,4.8,7,71.9,Low,normal
STU0556,6,6.93,69.5,53.3,60.6,56.9,71.4,27.3,10.9,5.0,7,48.1,Medium,normal
STU0557,3,8.29,89.2,68.2,71.8,92.0,86.7,80.8,20.5,7.0,4,69.3,Low,normal
STU0558,3,8.29,77.0,86.1,82.7,77.4,82.1,54.5,13.6,7.5,5,78.3,Low,normal
STU0559,6,5.24,70.8,49.4,39.8,44.0,64.9,58.3,8.6,5.0,3,41.2,High,normal
STU0560,5,7.04,55.2,29.048543866779468,88.66862822204378,57.7,51.2,73.16058139274121,12.5,3.7,4,81.0,Low,sudden_improvement
STU0561,3,5.15,75.3,29.3,44.3,42.5,60.8,22.5,11.5,3.8,4,58.1,Medium,normal
STU0562,6,7.5,76.3,85.7,72.6,69.5,83.6,85.8,17.7,7.8,2,76.9,Low,normal
STU0563,4,8.62,95.6,75.7,84.9,85.3,89.1,70.9,22.0,8.5,1,100.0,Low,normal
STU0564,6,10.0,85.9,72.9,87.8,86.6,88.1,86.4,11.2,8.7,2,82.4,Low,normal
STU0565,5,7.66,68.6,55.4,50.0,83.9,74.3,62.2,13.6,7.3,1,52.3,Medium,normal
STU0566,5,6.17,82.2,48.1,50.8,68.3,65.0,71.5,15.6,4.6,5,70.1,Low,normal
STU0567,6,8.23,83.7,75.0,60.8,85.5,77.8,86.6,15.3,,3,70.2,Low,normal
STU0568,3,7.46,84.2,84.3,91.3,81.6,69.2,60.6,10.9,4.2,2,81.7,Low,normal
STU0569,5,7.39,47.5,32.2,24.0,48.6,49.5,,2.9,0.1,5,31.9,High,normal
STU0570,4,8.95,78.9,77.6,67.0,60.7,79.2,73.3,10.2,8.1,5,76.0,Low,normal
STU0571,3,5.86,94.3,48.6,41.8,71.7,84.2,38.4,12.8,7.5,2,46.1,Medium,normal
STU0572,3,5.82,54.8,60.7,37.1,56.9,51.2,41.1,7.3,1.9,5,48.8,Medium,normal
STU0573,3,6.6,54.64926063502719,78.48212408535477,89.91705754911129,91.27910991654868,68.2,89.5,13.4,4.8,0,88.5,Low,low_attendance_high_performance
STU0574,5,7.32,84.0,49.5,61.1,76.0,98.6,59.3,15.3,5.5,8,66.4,Low,normal
STU0575,5,4.34,87.4,50.6,43.9,67.6,68.6,49.6,10.5,5.2,2,56.3,Medium,normal
STU0576,5,6.64,57.4,49.9,42.0,41.2,34.3,48.2,6.1,4.4,5,52.3,Medium,normal
STU0577,3,8.16,85.6,84.33107686130961,44.258741781167444,46.47497947073256,84.6,61.5,7.7,6.6,3,40.8,High,sudden_decline
STU0578,4,7.66,37.3,38.2,39.0,56.7,45.4,55.7,5.3,0.0,7,48.5,Medium,normal
STU0579,6,7.0,74.6,69.0,69.1,74.1,64.1,51.3,14.7,8.6,1,66.5,Low,normal
STU0580,4,5.55,69.2,69.2,52.2,63.5,62.6,38.0,8.4,4.7,6,60.0,Low,normal
STU0581,5,8.19,91.46135690011789,43.72361136993113,33.44932416053177,70.4,84.2,23.257216771654694,13.2,4.7,6,48.8,Medium,high_attendance_low_performance
STU0582,6,5.08,71.0,41.37633533598362,90.72912289987747,53.3,52.3,89.54658946463638,5.5,5.3,4,78.1,Low,sudden_improvement
STU0583,6,6.31,82.1,70.0,70.3,56.6,85.5,48.3,,7.6,1,71.2,Low,normal
STU0584,5,6.44,64.8,48.6,56.8,76.4,69.0,50.6,12.1,4.8,5,50.2,Medium,normal
STU0585,6,8.24,81.2,70.8,62.2,70.3,83.5,73.1,15.9,,2,86.0,Low,normal
STU0586,4,8.9,84.2,100.0,87.2,71.5,100.0,83.7,17.9,7.1,1,88.7,Low,normal
STU0587,6,7.98,100.0,69.1,76.5,84.7,91.1,84.9,21.0,6.5,0,84.1,Low,normal
STU0588,3,8.07,79.9,81.4,67.4,96.1,70.8,55.8,15.9,6.9,2,76.7,Low,normal
STU0589,4,8.9,88.5,84.5,96.3,87.5,91.2,80.7,12.3,6.7,0,95.9,Low,normal
STU0590,3,8.46,95.7,93.1,65.3,95.8,86.4,93.2,15.2,6.8,2,89.5,Low,normal
STU0591,6,7.82,86.2,75.7,65.8,81.2,90.3,79.7,15.1,7.4,4,76.2,Low,normal
STU0592,4,7.67,77.3,70.0,60.2,66.0,72.6,44.3,12.1,3.8,4,78.0,Low,normal
STU0593,3,7.44,84.3,78.9,46.9,68.7,88.1,74.3,15.7,8.4,0,46.6,Medium,normal
STU0594,3,7.14,100.0,55.8,39.7,46.2,84.9,71.9,13.7,9.5,1,72.4,Low,normal
STU0595,6,6.77,55.5,62.7,53.9,44.5,38.7,41.4,5.2,1.6,5,60.7,Low,normal
STU0596,6,6.8,83.7,53.1,61.5,87.2,78.8,,14.9,6.4,4,53.0,Medium,normal
STU0597,5,8.38,63.7,77.0,85.6,69.7,75.3,71.2,14.0,5.1,6,84.8,Low,normal
STU0598,5,9.54,84.7,94.7,100.0,93.4,72.6,69.2,13.5,8.3,3,100.0,Low,normal
STU0599,4,8.99,92.8,88.8,90.7,100.0,100.0,98.8,11.9,7.2,1,97.7,Low,normal
STU0600,4,8.22,98.5,88.9,85.3,83.4,88.4,78.8,13.1,8.7,4,74.0,Low,normal
STU0601,6,9.44,75.3,80.8,82.8,82.5,66.5,82.9,10.0,,2,90.6,Low,normal
STU0602,3,6.77,68.9,40.5,20.5,52.0,58.8,34.3,11.6,5.1,5,54.1,Medium,normal
STU0603,4,8.13,78.5,82.58341877711761,98.13153844967414,99.1,73.9,90.73503524842388,3.432169667834113,1.9090062718896834,1,80.9,Low,low_engagement_high_performance
STU0604,4,6.77,73.3,56.0,61.9,73.3,74.4,67.0,8.8,3.5,4,68.3,Low,normal
STU0605,4,7.22,92.8,71.4,84.2,76.7,82.3,93.2,16.4,9.3,1,80.4,Low,normal
STU0606,4,7.54,77.4,53.6,63.6,58.5,75.0,57.3,17.7,6.7,2,74.6,Low,normal
STU0607,5,9.35,91.1,73.9,67.5,94.0,82.5,61.8,11.1,4.9,0,78.1,Low,normal
STU0608,3,8.65,65.6,65.9,77.4,54.3,48.7,58.7,8.0,4.1,4,67.0,Low,normal
STU0609,5,7.11,74.4,36.0,65.3,81.1,60.1,48.7,12.5,5.1,2,62.4,Low,normal
STU0610,3,6.28,69.3,71.9,77.9,49.8,99.9,46.4,21.8,8.1,3,58.7,Medium,normal
STU0611,3,8.55,96.3,100.0,100.0,100.0,77.7,94.4,,9.4,0,96.7,Low,normal
STU0612,3,5.91,44.7,43.5,27.8,46.3,56.6,48.4,10.5,2.1,4,45.2,Medium,normal
STU0613,6,7.03,75.4,66.1,77.3,68.3,71.3,60.8,13.6,5.7,8,77.0,Low,normal
STU0614,4,8.38,97.5,74.6,76.8,78.1,81.6,65.5,11.4,6.8,1,82.3,Low,normal
STU0615,5,6.14,48.3,50.6,54.4,70.2,51.2,28.0,,1.5,3,41.3,High,normal
STU0616,5,7.83,59.8,70.4,71.1,70.8,65.3,72.8,11.2,4.8,4,83.1,Low,normal
STU0617,5,8.66,84.6,83.4,83.5,78.2,81.3,98.6,13.2,7.3,0,99.5,Low,normal
STU0618,4,7.14,78.5,51.6,44.8,43.8,55.6,47.3,9.0,3.1,6,55.4,Medium,normal
STU0619,4,6.35,44.50840911489604,94.14628497364137,95.76614206052908,76.72156047981484,52.8,42.0,6.6,1.4,2,85.4,Low,low_attendance_high_performance
STU0620,4,6.29,70.8,88.40177740985413,33.83488863691728,56.779323287081866,60.9,55.9,9.4,,2,59.4,Medium,sudden_decline
STU0621,5,9.4,84.1,94.8,86.0,70.1,89.9,100.0,13.4,4.4,3,89.0,Low,normal
STU0622,4,8.28,92.7,79.7,91.4,85.5,76.4,,15.5,8.2,5,87.9,Low,normal
STU0623,6,5.16,70.2,70.4,62.8,50.6,74.0,48.7,6.7,4.9,1,57.1,Medium,normal
STU0624,6,6.71,86.1,68.0,61.2,70.0,83.8,61.7,13.2,5.6,4,60.8,Low,normal
STU0625,3,6.21,69.2,49.2,65.0,71.4,93.6,30.7,12.7,9.8,5,68.0,Low,normal
STU0626,3,8.77,83.0,74.4,72.1,94.1,83.6,54.5,,6.7,1,81.9,Low,normal
STU0627,5,7.83,85.3,71.5,87.8,86.4,82.5,56.4,11.8,8.4,3,71.0,Low,normal
STU0628,4,5.47,89.4,39.1,49.3,55.7,89.7,57.7,15.3,7.6,3,58.3,Medium,normal
STU0629,3,9.38,75.4,71.7,76.1,81.6,79.9,70.3,11.2,5.4,0,82.9,Low,normal
STU0630,6,7.31,65.6,47.3,47.4,67.9,89.4,53.8,8.1,5.5,7,52.6,Medium,normal
STU0631,3,6.26,93.46095365678651,40.8,43.3,42.647016321229685,35.13505051475461,38.5,9.1,8.4,10,48.9,Medium,assignment_problem
STU0632,6,3.18,50.6,29.61860337264959,87.55252713672566,43.6,53.5,73.27909131260347,4.3,5.2,6,76.2,Low,sudden_improvement
STU0633,5,4.08,55.5,61.8,43.4,80.2,55.8,74.2,10.3,7.9,7,52.5,Medium,normal
STU0634,6,6.39,78.2,32.9,40.4,58.9,62.5,45.9,11.8,,4,50.4,Medium,normal
STU0635,3,6.46,100.0,92.83052228209664,77.28306100133271,65.7,83.9,98.33319681778438,2.1173885905698375,2.7725673780570457,2,89.5,Low,low_engagement_high_performance
STU0636,3,6.48,74.8,64.5,64.7,62.0,63.5,54.2,12.1,4.6,3,63.5,Low,normal
STU0637,5,8.26,98.5,79.7,96.1,72.7,92.8,97.4,13.7,6.0,3,88.4,Low,normal
STU0638,3,10.0,78.4,78.1,69.4,93.3,80.3,73.4,17.8,8.1,3,93.2,Low,normal
STU0639,4,7.1,63.0,55.8,75.2,69.5,79.2,40.8,10.7,4.7,0,55.2,Medium,normal
STU0640,4,7.18,73.9,56.1,56.1,63.5,73.5,50.5,13.3,0.9,2,51.8,Medium,normal
STU0641,3,9.17,76.5,71.1,64.2,74.7,73.0,74.0,12.7,9.7,2,84.3,Low,normal
STU0642,3,5.97,66.9,54.5,58.9,57.0,67.5,56.1,13.3,5.2,2,78.5,Low,normal
STU0643,6,8.9,91.5,100.0,89.4,91.6,94.0,95.4,16.3,7.3,0,100.0,Low,normal
STU0644,3,6.15,67.9,35.1,35.3,44.6,70.1,24.9,12.6,7.7,2,60.9,Low,normal
STU0645,3,7.72,72.9,71.7,69.7,66.9,88.4,,15.3,5.1,2,69.5,Low,normal
STU0646,5,5.56,46.5,85.33383433128121,33.981676515865956,50.15161585000263,34.6,34.2,7.7,4.0,7,50.6,Medium,sudden_decline
STU0647,6,6.08,66.7,54.3,64.9,62.0,68.8,64.4,9.7,4.6,5,64.9,Low,normal
STU0648,4,7.59,87.7,74.5,63.6,74.3,100.0,43.4,9.6,4.7,4,76.6,Low,normal
STU0649,3,6.04,57.1,25.2,20.6,53.8,67.3,36.7,5.7,6.4,7,29.1,High,normal
STU0650,5,7.98,89.4,57.3,65.5,72.3,62.5,50.5,17.1,8.1,3,67.9,Low,normal
STU0651,6,7.53,81.10880264750814,87.8,69.7,48.73233128078179,47.117564935944074,85.9,14.5,8.4,9,50.3,Medium,assignment_problem
STU0652,6,5.84,82.6,50.7,37.5,44.9,73.9,55.0,13.0,6.5,5,47.0,Medium,normal
STU0653,5,8.53,64.1,59.7,76.9,64.7,82.5,73.7,9.1,6.2,5,68.3,Low,normal
STU0654,4,4.51,80.4,43.3,22.9,51.4,54.9,50.0,11.0,3.7,6,47.7,Medium,normal
STU0655,5,7.43,88.0,75.9,43.0,61.7,79.6,58.1,9.3,6.0,5,68.2,Low,normal
STU0656,3,7.8,86.9,84.3,90.6,81.2,83.1,63.0,13.0,6.3,4,89.5,Low,normal
STU0657,5,6.89,66.3,51.9,49.7,75.9,49.0,40.8,5.3,0.4,5,58.4,Medium,normal
STU0658,5,8.9,62.8,77.4,70.2,50.2,68.4,45.8,11.3,5.2,6,63.8,Low,normal
STU0659,6,6.52,66.7,60.2,58.2,62.9,70.3,53.7,16.1,9.1,6,65.9,Low,normal
STU0660,4,7.32,85.8,69.2,66.8,93.6,88.3,52.2,18.4,7.2,3,64.5,Low,normal
STU0661,3,7.72,89.1,77.7,58.0,66.4,80.6,67.3,6.9,4.5,4,67.0,Low,normal
STU0662,5,6.72,40.8,40.8,70.1,50.2,44.8,62.1,6.0,0.9,2,51.0,Medium,normal
STU0663,5,7.96,75.5,64.3,45.6,78.7,89.4,52.3,11.6,5.5,3,60.2,Low,normal
STU0664,6,9.56,88.0,70.9,88.5,89.7,90.9,,11.2,8.7,2,89.9,Low,normal
STU0665,3,10.0,87.13999966690116,100.0,100.0,27.49420403787914,37.42962094988152,71.2,16.1,8.6,8,54.7,Medium,assignment_problem
STU0666,4,8.72,77.2,81.1,76.4,86.1,78.3,93.1,12.8,6.9,3,77.7,Low,normal
STU0667,5,9.08,47.0094160128195,77.0615756526747,82.58372819888153,75.62517425839764,85.8,60.0,14.6,4.9,3,79.8,Low,low_attendance_high_performance
STU0668,4,8.68,94.09661279486608,86.0,97.6,32.148257248484015,43.829226934651324,67.7,12.7,4.5,10,54.9,Medium,assignment_problem
STU0669,6,9.11,75.1,75.4,70.7,84.4,86.9,88.2,13.6,8.3,1,79.2,Low,normal
STU0670,4,6.79,75.7,43.7,40.3,49.4,60.8,54.8,14.7,6.8,4,45.5,Medium,normal
STU0671,6,6.35,93.84650672284124,46.84662711313044,43.69007862102481,81.8,100.0,22.458917765962827,10.8,8.0,2,41.3,High,high_attendance_low_performance
STU0672,5,5.7,76.7,55.9,46.4,56.8,68.4,51.6,10.3,4.0,4,51.9,Medium,normal
STU0673,6,8.36,83.3,100.0,70.0,95.1,100.0,68.5,11.0,9.5,1,74.2,Low,normal
STU0674,4,7.73,68.1,75.2,93.5,86.8,96.1,65.2,10.2,5.5,3,86.8,Low,normal
STU0675,6,6.37,71.7,56.0,45.6,55.6,75.8,50.4,13.5,6.8,5,56.5,Medium,normal
STU0676,4,6.59,57.2,42.7,33.6,44.4,37.2,47.4,0.0,1.0,6,56.6,Medium,normal
STU0677,5,9.89,100.0,91.1,98.7,100.0,88.8,94.4,14.0,7.0,1,100.0,Low,normal
STU0678,3,6.14,76.5,41.9,52.4,60.7,73.3,46.7,18.3,7.7,2,52.1,Medium,normal
STU0679,4,6.53,59.9,49.0,64.8,40.9,50.0,38.1,1.5,2.0,3,38.9,High,normal
STU0680,4,5.39,77.1,36.7,20.2,43.8,73.8,44.6,16.8,4.5,2,50.1,Medium,normal
STU0681,4,6.6,59.2,62.6,64.9,59.9,70.1,51.7,6.5,0.5,6,49.6,Medium,normal
STU0682,6,9.12,78.1,73.2,78.9,53.9,63.1,88.2,9.6,2.9,1,75.6,Low,normal
STU0683,3,8.91,78.7,83.3,80.3,79.1,71.9,82.5,16.0,6.1,1,98.2,Low,normal
STU0684,6,7.01,77.1,79.6,76.9,47.8,82.5,46.8,20.1,10.0,4,76.5,Low,normal
STU0685,6,6.39,51.6,57.2,62.4,34.5,45.6,46.8,0.5,0.5,7,56.5,Medium,normal
STU0686,3,7.55,75.0,75.5,52.9,55.8,65.7,63.5,7.7,6.1,5,73.6,Low,normal
STU0687,5,7.09,66.4,84.3,88.4,78.1,63.2,74.4,14.8,5.5,3,85.2,Low,normal
STU0688,4,6.66,89.1,82.4,56.2,81.4,86.6,81.2,15.0,4.8,5,84.5,Low,normal
STU0689,3,4.02,80.0,49.3,24.7,40.6,52.0,28.0,12.8,3.3,8,32.6,High,normal
STU0690,4,8.8,80.5,79.5,78.9,89.3,71.3,66.4,14.9,4.1,6,77.7,Low,normal
STU0691,6,6.79,76.2,53.5,71.3,72.1,80.7,33.5,19.4,4.9,6,55.1,Medium,normal
STU0692,3,6.35,73.8,42.2,44.7,59.0,65.2,53.4,11.8,3.5,3,53.9,Medium,normal
STU0693,5,5.63,69.1,56.0,49.5,44.3,78.6,73.6,12.1,2.2,3,54.9,Medium,normal
STU0694,5,7.96,82.0,79.4,93.8,79.4,88.2,78.1,16.2,9.3,1,72.4,Low,normal
STU0695,6,8.52,90.1,82.5,79.9,83.9,100.0,58.1,14.9,7.5,2,78.5,Low,normal
STU0696,3,7.39,75.57656670310647,77.0,56.0,27.93692682244476,54.08919903743403,53.0,14.9,4.5,6,50.9,Medium,assignment_problem
STU0697,5,8.11,58.9,45.7,46.2,64.4,64.0,45.3,11.6,5.4,5,59.1,Medium,normal
STU0698,5,7.62,66.1,76.0,77.4,62.4,71.4,44.7,12.0,3.1,8,73.6,Low,normal
STU0699,5,9.7,89.0,91.4,87.5,90.8,87.1,72.7,18.8,3.4,2,89.0,Low,normal
STU0700,6,7.92,82.7,61.3,81.6,71.3,90.4,61.4,14.7,10.0,0,61.9,Low,normal
STU0701,6,6.9,85.6,63.7,70.6,73.0,71.9,68.4,12.2,5.0,5,69.0,Low,normal
STU0702,3,7.61,81.9,84.5,74.4,78.4,55.8,87.8,10.9,5.8,3,87.7,Low,normal
STU0703,4,6.47,92.9,84.7,75.4,79.3,94.4,70.8,14.4,5.0,2,67.5,Low,normal
STU0704,4,9.33,81.0,77.8,68.4,78.5,95.3,48.3,18.4,5.2,4,83.5,Low,normal
STU0705,4,9.06,88.1,86.3,78.6,78.4,89.3,67.1,18.1,8.6,0,73.5,Low,normal
STU0706,4,6.27,48.9,59.0,100.0,65.9,29.9,51.9,,4.5,4,67.2,Low,normal
STU0707,4,7.32,77.2,89.6,88.2,52.4,65.1,68.6,11.1,7.3,2,83.3,Low,normal
STU0708,4,5.83,62.5,45.7,53.4,60.5,52.4,54.7,8.9,2.3,6,49.8,Medium,normal
STU0709,6,7.84,87.1,65.2,57.3,64.0,69.2,61.0,10.3,8.0,4,87.7,Low,normal
STU0710,3,7.24,56.2,74.2,79.0,52.5,77.9,55.2,7.2,4.9,8,62.8,Low,normal
STU0711,6,5.18,56.6,50.6,58.8,60.2,70.0,47.0,13.6,6.7,0,51.7,Medium,normal
STU0712,4,7.2,89.8,74.4,87.6,60.1,87.8,55.0,21.7,9.0,2,79.1,Low,normal
STU0713,5,7.85,80.1,64.6,89.9,66.0,78.3,69.8,6.3,3.3,2,71.0,Low,normal
STU0714,6,8.04,88.3,72.4,57.8,71.6,90.0,83.0,14.9,5.5,0,64.2,Low,normal
STU0715,4,8.16,81.0,83.4,59.8,65.8,36.5,62.6,12.4,4.3,2,62.6,Low,normal
STU0716,4,6.33,59.7,51.0,40.2,45.3,43.5,52.4,9.2,3.9,5,57.4,Medium,normal
STU0717,4,5.42,65.6,52.0,39.5,73.7,50.0,48.1,12.1,3.4,5,48.5,Medium,normal
STU0718,4,6.48,80.11370233613277,49.6,46.1,24.83082133402084,33.285848033087326,57.6,11.1,2.0,10,55.4,Medium,assignment_problem
STU0719,6,7.92,91.9,69.9,71.5,66.8,89.6,61.5,17.4,8.0,0,74.3,Low,normal
STU0720,6,4.75,55.8,33.6,52.4,41.5,39.7,54.0,8.4,2.9,4,51.2,Medium,normal
STU0721,3,7.5,44.4,55.4,70.2,55.4,23.9,35.1,2.1,2.0,7,60.5,Low,normal
STU0722,3,10.0,100.0,84.7,86.7,98.6,97.2,71.4,19.2,7.5,2,88.4,Low,normal
STU0723,4,9.23,91.5,92.4,100.0,77.5,97.2,83.5,12.0,9.3,0,87.1,Low,normal
STU0724,3,6.27,36.0,63.7,63.8,38.5,48.0,55.6,6.3,0.0,4,41.3,High,normal
STU0725,5,7.33,85.9,52.3,51.5,60.8,84.3,39.0,13.4,8.0,2,66.5,Low,normal
STU0726,3,4.6,58.1,45.1,15.8,34.4,23.3,25.9,5.0,0.9,5,43.1,High,normal
STU0727,5,8.81,75.8,87.8,80.7,67.0,84.5,79.3,11.8,6.2,7,69.1,Low,normal
STU0728,3,5.47,59.7,61.7,40.9,51.5,69.2,69.7,12.3,5.3,6,49.8,Medium,normal
STU0729,4,8.62,53.493443264091106,84.31164956568824,86.59160136597481,89.65692748155554,81.1,86.6,15.9,,2,85.4,Low,low_attendance_high_performance
STU0730,5,8.21,91.65259814639627,37.740545976438945,35.165457703590555,74.9,64.4,42.97824759151184,11.5,7.6,2,54.3,Medium,high_attendance_low_performance
STU0731,4,8.93,87.2,87.5,84.4,70.4,90.1,46.8,12.0,7.6,0,81.2,Low,normal
STU0732,6,5.16,52.2,43.4,38.2,38.2,37.8,32.7,4.3,2.5,4,51.1,Medium,normal
STU0733,6,8.11,77.1,60.8,51.0,58.4,62.1,69.4,10.8,4.5,4,63.0,Low,normal
STU0734,4,6.48,80.1,70.3,72.8,76.2,77.8,58.8,19.8,5.0,1,62.5,Low,normal
STU0735,3,6.56,66.4,68.2,50.1,65.3,73.3,38.4,9.4,3.8,3,54.8,Medium,normal
STU0736,6,7.73,58.5,56.8,57.2,74.7,58.4,55.8,12.5,3.5,2,60.8,Low,normal
STU0737,6,7.44,69.3,66.0,73.7,40.8,67.0,48.4,6.6,3.7,0,71.0,Low,normal
STU0738,6,5.97,53.0,47.7,31.9,44.8,73.6,67.5,15.5,3.8,5,46.5,Medium,normal
STU0739,3,8.08,84.6,40.89747288922116,83.26919024602309,67.4,77.4,93.54551642905935,17.1,7.5,1,82.6,Low,sudden_improvement
STU0740,6,5.75,77.4,61.1,58.1,72.2,82.6,63.8,13.5,6.9,5,56.8,Medium,normal
STU0741,4,5.38,66.2,56.0,44.6,37.7,55.6,49.1,8.6,5.8,7,47.6,Medium,normal
STU0742,5,8.4,54.0,55.8,65.3,47.0,44.3,48.0,4.2,5.1,5,55.4,Medium,normal
STU0743,6,4.07,62.9,16.7,10.4,39.0,56.2,23.0,6.1,4.3,1,21.4,High,normal
STU0744,3,6.49,61.6,47.9,44.1,57.7,64.9,71.4,14.8,4.8,3,67.6,Low,normal
STU0745,6,8.16,81.7,89.3,77.1,87.2,94.8,87.1,11.6,6.8,5,78.0,Low,normal
STU0746,4,5.62,71.0,59.7,54.7,53.9,80.0,,7.6,5.8,3,51.3,Medium,normal
STU0747,6,8.11,73.9,81.2,65.2,72.1,67.6,73.5,9.5,5.9,5,81.4,Low,normal
STU0748,4,6.21,80.2,47.7,59.5,66.8,61.0,62.7,8.3,5.4,4,66.7,Low,normal
STU0749,6,6.08,48.9,59.8,70.6,46.4,39.0,51.0,5.2,5.3,2,72.2,Low,normal
STU0750,3,5.81,57.6,78.19410999637293,77.77912664700246,57.2,43.6,85.81991333780742,0.3288503399284832,1.4437858170405211,4,81.4,Low,low_engagement_high_performance
STU0751,5,8.09,83.3,66.7,82.6,55.2,79.9,73.7,13.0,9.2,1,73.6,Low,normal
STU0752,5,5.61,39.6,50.4,66.2,61.3,32.8,60.3,0.0,0.0,9,68.9,Low,normal
STU0753,4,8.28,73.9,76.1,81.5,49.1,78.0,65.9,13.7,7.4,4,80.8,Low,normal
STU0754,3,8.2,86.4,74.4,65.8,54.4,46.7,56.8,10.4,6.8,3,69.3,Low,normal
STU0755,5,7.74,69.3,68.3,74.8,69.2,67.7,57.7,15.4,2.6,3,71.9,Low,normal
STU0756,3,4.81,53.4,38.8,19.4,48.1,41.3,26.6,5.5,,7,35.6,High,normal
STU0757,5,6.85,73.8,65.6,52.2,36.2,83.7,36.7,11.9,,5,56.7,Medium,normal
STU0758,4,7.17,73.4,38.46145116445344,87.7896321278669,67.9,63.3,82.37330677603572,11.5,5.6,4,71.7,Low,sudden_improvement
STU0759,6,4.77,69.4,50.2,63.2,57.3,70.3,22.2,11.4,5.6,3,64.6,Low,normal
STU0760,3,5.38,62.0,32.7,27.3,57.3,51.9,34.5,6.8,3.8,1,42.2,High,normal
STU0761,3,10.0,63.3,82.2,72.8,72.7,83.4,95.7,10.9,4.0,6,83.6,Low,normal
STU0762,3,7.74,92.9,53.3,48.0,69.1,86.8,57.1,9.3,10.0,2,82.2,Low,normal
STU0763,4,8.75,88.2,72.8,79.1,71.2,81.7,,12.6,,4,73.7,Low,normal
STU0764,3,4.77,54.8,36.5,34.7,41.6,51.6,37.1,11.8,5.4,7,44.8,High,normal
STU0765,4,8.94,74.8,90.8,100.0,83.6,75.3,100.0,19.6,7.0,4,87.1,Low,normal
STU0766,6,6.46,61.1,49.4,59.1,50.8,65.2,45.5,9.2,1.6,1,59.5,Medium,normal
STU0767,5,6.22,70.6,28.5,19.3,57.1,73.7,35.7,15.2,3.7,6,42.9,High,normal
STU0768,5,3.79,80.9,13.4,12.6,41.9,40.0,28.1,7.9,1.3,4,34.7,High,normal
STU0769,3,6.49,80.7,51.8,65.2,65.7,60.4,61.7,8.6,7.7,0,73.9,Low,normal
STU0770,5,6.67,42.4,46.44252805131667,82.97263854903656,44.2,52.0,76.77110111929017,2.2,2.2,3,55.2,Medium,sudden_improvement
STU0771,3,9.37,78.7,72.2,90.1,88.6,84.9,79.7,18.3,6.0,1,98.9,Low,normal
STU0772,6,6.52,72.4,55.2,41.3,60.9,60.9,51.8,10.2,3.4,5,64.2,Low,normal
STU0773,4,8.64,89.5,72.4,68.2,67.0,78.9,78.1,12.1,7.8,2,76.7,Low,normal
STU0774,4,7.58,52.2,74.0,58.1,49.5,40.2,52.8,1.9,2.8,1,61.5,Low,normal
STU0775,4,4.78,75.0,59.3,34.9,52.1,84.3,,11.3,7.3,5,45.7,Medium,normal
STU0776,6,9.34,72.6,58.7,64.8,77.8,64.5,79.0,14.0,6.2,4,72.9,Low,normal
STU0777,3,8.94,73.6,80.9,82.7,74.4,83.5,66.1,12.2,6.0,2,72.5,Low,normal
STU0778,5,5.25,67.4,33.9,37.4,54.6,60.1,44.9,6.2,5.4,6,49.6,Medium,normal
STU0779,3,4.98,69.1,0.0,0.0,57.5,69.0,20.2,7.1,3.8,4,9.3,High,normal
STU0780,5,7.63,88.6,58.1,66.9,78.1,71.9,63.6,,6.6,2,67.3,Low,normal
STU0781,6,6.43,66.2,59.9,44.4,53.6,57.8,57.9,4.0,1.1,6,52.7,Medium,normal
STU0782,4,8.22,82.9,95.8,75.9,89.2,68.9,69.6,13.5,7.2,2,93.0,Low,normal
STU0783,4,6.65,81.4,82.69428923419721,77.11368019147748,50.6,53.6,92.02531885080066,0.4905767089008135,1.821088648539806,8,75.9,Low,low_engagement_high_performance
STU0784,6,7.03,84.9,68.3,59.2,71.8,82.6,68.0,16.0,9.2,7,72.2,Low,normal
STU0785,5,8.57,89.0,89.2,100.0,100.0,71.2,75.0,16.0,5.9,0,92.4,Low,normal
STU0786,4,6.06,47.7,58.9,55.2,35.0,42.9,41.7,4.0,5.9,4,58.5,Medium,normal
STU0787,5,6.58,76.5,76.1,73.3,51.9,87.3,65.8,13.6,7.0,5,71.6,Low,normal
STU0788,5,6.26,66.0,47.4,42.2,53.5,68.1,,7.6,1.6,4,56.7,Medium,normal
STU0789,3,6.88,91.06203741610868,45.6,47.1,30.393424657832867,52.96535691213176,66.0,11.5,5.2,9,56.3,Medium,assignment_problem
STU0790,6,6.46,64.7,84.336928787589,93.75295566036672,46.9,41.8,77.30849382590897,3.383276723085425,0.7609352465968849,2,81.0,Low,low_engagement_high_performance
STU0791,4,8.96,72.9,87.9,77.1,96.5,80.1,82.0,15.0,7.5,2,88.3,Low,normal
STU0792,3,7.53,76.5,63.4,56.1,66.6,92.2,71.1,14.2,6.8,4,63.9,Low,normal
STU0793,6,6.12,75.0,57.7,41.6,52.5,70.2,46.6,14.0,6.2,4,55.0,Medium,normal
STU0794,4,7.95,100.0,60.6,72.1,80.1,73.9,100.0,15.0,5.1,4,81.6,Low,normal
STU0795,3,9.44,88.0,74.5,76.3,96.3,85.7,90.4,17.8,9.6,4,96.8,Low,normal
STU0796,5,3.81,65.0,28.8,32.2,37.7,55.7,35.2,6.6,1.8,4,41.4,High,normal
STU0797,6,6.75,53.2,60.2,62.0,58.4,59.9,61.0,5.5,4.4,4,55.6,Medium,normal
STU0798,6,5.93,59.36239603054861,75.74692556326337,84.74191116792998,90.79529158962207,62.5,52.3,9.7,7.4,0,75.5,Low,low_attendance_high_performance
STU0799,6,7.75,83.3,57.9,49.5,85.7,59.3,51.3,8.5,6.0,5,77.7,Low,normal
STU0800,6,5.99,47.3,35.0,38.7,47.2,65.2,40.2,2.4,3.9,6,30.7,High,normal
STU0801,3,5.78,60.0,71.8,52.8,69.6,56.8,59.3,8.5,7.3,6,56.4,Medium,normal
STU0802,4,7.01,98.4,78.5,63.7,83.8,85.2,66.2,10.1,7.3,1,80.9,Low,normal
STU0803,6,7.41,81.6,77.6,67.5,79.4,62.6,72.0,7.7,5.3,0,87.8,Low,normal
STU0804,4,10.0,84.8,70.3,87.7,70.1,80.3,89.1,16.1,5.8,3,85.3,Low,normal
STU0805,5,8.32,85.1,30.6,44.1,61.8,84.1,50.1,13.8,5.0,3,59.1,Medium,normal
STU0806,5,5.93,87.2,32.4,50.1,68.2,82.6,32.0,13.2,5.8,2,44.7,High,normal
STU0807,4,6.27,64.7,40.3,46.3,59.5,58.3,34.1,11.3,2.1,8,50.1,Medium,normal
STU0808,6,5.48,55.3,58.8,47.7,39.7,45.8,28.9,1.5,2.4,3,39.3,High,normal
STU0809,5,6.12,91.3,100.0,94.4,80.6,81.4,76.1,18.4,7.9,0,80.0,Low,normal
STU0810,4,8.07,85.2,85.1,87.1,83.3,98.6,72.8,17.8,6.3,5,89.8,Low,normal
STU0811,6,8.63,41.5,100.0,69.9,53.3,46.1,70.7,6.7,1.2,3,70.9,Low,normal
STU0812,4,4.81,55.5,90.86776135972893,54.65254608068848,35.988358786286476,60.5,12.4,9.9,6.0,8,52.7,Medium,sudden_decline
STU0813,3,9.87,88.5,80.3,87.6,94.6,63.0,79.4,7.4,4.4,2,87.2,Low,normal
STU0814,5,6.63,26.1,51.1,43.1,46.6,44.0,55.8,4.1,,2,38.1,High,normal
STU0815,6,2.77,51.7,43.1,15.2,28.6,42.2,20.3,7.9,0.5,5,35.0,High,normal
STU0816,6,6.45,63.2,92.58428265539203,96.74403775388434,79.5,78.7,90.94945439132971,1.7776760634425672,1.4998612149669963,1,69.9,Low,low_engagement_high_performance
STU0817,6,6.82,68.5,51.0,58.2,59.1,71.7,,17.9,6.8,3,56.9,Medium,normal
STU0818,5,8.24,64.8,67.3,70.2,68.7,57.2,44.9,11.0,3.8,3,66.9,Low,normal
STU0819,4,7.52,93.0,49.0,51.6,84.4,69.2,65.8,16.0,9.2,5,74.4,Low,normal
STU0820,6,6.54,73.3,74.6,76.3,45.2,40.7,46.3,7.4,5.8,6,60.8,Low,normal
STU0821,6,5.23,57.9,52.4,47.4,52.4,74.4,20.6,11.3,5.0,1,40.9,High,normal
STU0822,3,8.85,94.2,76.8,69.6,65.3,89.3,58.9,18.2,5.2,2,79.7,Low,normal
STU0823,3,6.78,83.0,36.314251132075476,73.59359033083143,82.8,81.3,70.16439019284141,14.7,5.6,2,61.1,Low,sudden_improvement
STU0824,6,5.93,66.7,52.9,53.2,47.1,57.8,40.0,9.3,2.6,7,47.4,Medium,normal
STU0825,6,7.01,60.7,60.5,37.6,47.6,39.5,51.3,8.2,3.4,5,53.9,Medium,normal
STU0826,6,6.48,55.3,56.4,54.0,62.6,51.4,39.8,8.1,4.8,6,45.3,Medium,normal
STU0827,6,8.61,55.3,66.8,57.7,64.6,62.8,72.1,6.9,4.9,4,53.9,Medium,normal
STU0828,5,5.89,74.1,39.4,50.3,42.1,79.8,46.1,13.2,5.6,4,68.2,Low,normal
STU0829,5,5.43,62.4,56.6,41.3,36.7,61.8,39.5,5.9,2.5,1,49.2,Medium,normal
STU0830,5,6.98,91.8,67.2,73.0,65.0,78.3,49.1,14.9,6.5,4,70.9,Low,normal
STU0831,3,8.12,93.0,62.6,63.7,68.3,100.0,60.4,13.6,4.6,2,66.1,Low,normal
STU0832,5,7.2,67.6,55.7,73.1,65.3,86.3,57.1,15.0,9.1,3,76.1,Low,normal
STU0833,5,7.86,88.3,76.7,100.0,83.8,93.3,57.4,17.1,5.3,0,81.8,Low,normal
STU0834,5,9.32,77.3,89.2,73.7,76.1,83.6,65.3,13.8,5.8,4,59.2,Medium,normal
STU0835,5,7.56,74.4,38.08231889024754,70.65518262300039,71.6,72.6,86.54784450167959,15.8,,2,67.6,Low,sudden_improvement
STU0836,4,7.91,74.1,62.5,96.1,88.0,67.4,67.5,15.5,6.9,0,79.1,Low,normal
STU0837,3,7.94,45.0,61.6,55.9,49.5,32.8,,4.5,2.1,8,57.6,Medium,normal
STU0838,4,6.89,55.6,59.3,59.4,63.2,67.8,54.0,13.2,2.6,3,60.3,Low,normal
STU0839,3,8.19,74.4,72.7,73.6,86.0,60.5,54.5,11.9,7.3,3,69.0,Low,normal
STU0840,3,7.14,65.0,75.3,72.5,60.9,62.2,62.0,15.9,3.5,1,65.5,Low,normal
STU0841,6,7.13,87.2,67.5,50.5,88.2,88.4,61.8,20.1,4.6,2,67.3,Low,normal
STU0842,3,5.48,85.62131276807452,62.8,70.7,49.60199554202263,32.47719310653951,47.6,8.9,4.4,7,39.9,High,assignment_problem
STU0843,4,8.32,77.03578623008683,90.9,60.8,22.99506678880467,56.07759203960655,76.0,17.0,5.0,10,41.9,High,assignment_problem
STU0844,5,5.15,51.2,42.4,36.2,58.5,48.7,43.4,4.5,4.9,6,45.1,Medium,normal
STU0845,5,9.9,67.1,91.5,100.0,91.4,79.4,76.3,12.3,5.3,1,93.6,Low,normal
STU0846,3,7.35,78.7,65.6,61.1,65.9,77.4,76.3,13.4,9.1,3,77.6,Low,normal
STU0847,6,7.29,97.9,80.5,71.1,95.1,91.7,94.0,13.0,9.8,3,80.3,Low,normal
STU0848,6,6.18,90.56420584707219,37.53539168194368,37.76857154124771,62.7,38.3,28.29347734874483,3.8,4.8,9,32.3,High,high_attendance_low_performance
STU0849,3,7.36,71.6,67.6,55.5,77.7,57.1,68.2,12.7,7.7,4,52.3,Medium,normal
STU0850,4,5.81,69.9,70.4,46.3,58.3,51.7,63.4,7.0,3.8,4,50.8,Medium,normal
STU0851,6,8.68,100.0,79.4,90.2,83.7,100.0,,18.5,6.3,1,95.8,Low,normal
STU0852,6,5.52,80.8,33.5,36.2,54.1,59.9,50.9,10.6,3.9,1,60.1,Low,normal
STU0853,5,9.83,86.0,67.3,63.2,94.9,100.0,68.2,21.7,6.6,4,81.3,Low,normal
STU0854,3,4.55,56.6,27.9,38.1,58.0,55.6,39.3,12.3,4.4,4,31.7,High,normal
STU0855,4,9.93,80.6,93.8,96.0,82.7,89.6,90.4,17.8,6.9,0,89.2,Low,normal
STU0856,5,6.5,73.8,53.5,57.8,75.9,86.5,50.6,,6.0,1,57.9,Medium,normal
STU0857,3,9.42,90.80566671707406,74.2,73.5,24.1137098497762,39.293326224877,68.7,16.5,6.0,6,61.0,Low,assignment_problem
STU0858,4,7.97,63.7,79.26828891855347,96.87445635866348,76.1,71.2,98.54241618180306,3.260634659613158,0.22606302419176283,3,82.7,Low,low_engagement_high_performance
STU0859,5,5.0,83.5,64.1,73.3,61.3,91.5,33.1,,8.2,1,74.5,Low,normal
STU0860,4,9.03,91.7,84.6,85.2,95.9,86.4,68.5,15.4,8.3,5,86.7,Low,normal
STU0861,6,6.45,71.4,56.4,59.5,48.0,81.6,47.3,12.2,3.2,1,61.3,Low,normal
STU0862,6,7.52,68.6,62.0,65.6,76.2,58.3,60.1,14.0,5.2,3,61.1,Low,normal
STU0863,4,7.57,87.0,69.1,79.3,76.5,77.9,50.0,10.7,5.6,6,59.5,Medium,normal
STU0864,6,8.27,63.9,75.4,76.9,70.0,78.1,71.0,11.0,4.3,5,89.9,Low,normal
STU0865,3,5.88,57.3,68.4,39.2,55.0,48.3,54.9,11.7,2.6,7,32.5,High,normal
STU0866,6,7.32,72.6,70.0,57.5,58.9,74.7,57.7,17.0,5.3,3,51.7,Medium,normal
STU0867,3,9.53,92.0,100.0,93.1,94.6,76.5,87.9,14.0,8.8,4,100.0,Low,normal
STU0868,3,7.74,91.9,72.3,96.4,80.9,82.3,65.2,14.4,8.0,2,83.9,Low,normal
STU0869,5,6.26,62.2,44.1,34.2,28.5,32.4,,10.7,1.8,3,34.3,High,normal
STU0870,4,6.26,54.1,41.8,54.7,41.0,62.7,60.3,7.8,5.4,2,60.8,Low,normal
STU0871,6,6.33,59.0,48.3,46.2,51.3,55.4,55.8,10.3,4.6,6,59.3,Medium,normal
STU0872,4,8.29,69.2,87.5,74.7,82.4,87.8,49.3,14.1,6.0,7,65.1,Low,normal
STU0873,4,8.11,86.17168284641329,61.9,79.3,35.052189731211016,34.82525204754236,52.5,8.7,5.8,8,47.8,Medium,assignment_problem
STU0874,5,7.43,74.9,78.8,72.0,77.2,67.4,73.4,11.4,5.1,3,80.6,Low,normal
STU0875,4,7.69,83.4,67.3,62.6,100.0,81.3,63.6,16.6,9.4,2,69.8,Low,normal
STU0876,4,8.46,100.0,73.9,76.2,84.7,82.3,90.6,15.0,8.6,0,88.1,Low,normal
STU0877,5,5.91,56.4,39.3,50.0,41.9,53.7,32.0,7.9,3.1,5,57.8,Medium,normal
STU0878,6,6.97,69.4,57.7,57.4,58.8,69.7,53.3,15.3,6.1,6,42.0,High,normal
STU0879,6,8.77,86.7,97.2,79.4,79.3,67.3,86.5,12.9,8.7,2,85.6,Low,normal
STU0880,6,9.04,82.9,84.9,73.9,66.4,73.4,50.2,,9.7,4,81.5,Low,normal
STU0881,4,8.36,73.7,75.9,85.2,73.9,55.6,57.6,10.9,5.4,1,65.3,Low,normal
STU0882,5,7.68,78.2,58.6,68.5,52.3,86.7,56.0,12.0,,6,62.3,Low,normal
STU0883,4,8.33,84.8,61.3,63.4,74.8,100.0,50.8,18.2,8.6,1,81.0,Low,normal
STU0884,5,8.38,83.3,88.66733069316217,95.73877158478209,95.0,77.9,93.50996176881186,0.29103972633024267,2.6587985971675794,4,78.5,Low,low_engagement_high_performance
STU0885,4,6.63,65.5,34.6,44.7,41.8,57.5,19.2,12.1,5.3,2,35.8,High,normal
STU0886,6,7.09,88.5,71.7,60.8,69.7,73.1,63.2,15.1,5.8,3,78.2,Low,normal
STU0887,5,7.84,82.6,43.1,44.1,74.6,63.8,39.9,9.0,7.2,6,61.5,Low,normal
STU0888,6,8.92,91.7,86.4,65.2,80.7,98.7,61.0,20.7,7.7,1,80.5,Low,normal
STU0889,6,9.84,75.7,85.7,92.9,91.2,99.9,71.4,15.2,7.7,1,91.7,Low,normal
STU0890,6,7.79,96.4,58.7,57.0,66.2,67.6,84.2,10.1,7.3,0,79.8,Low,normal
STU0891,6,3.78,54.9,51.8,61.1,47.5,57.3,23.3,13.4,6.1,4,50.6,Medium,normal
STU0892,4,5.86,86.3,67.9,72.1,52.4,69.6,46.6,14.9,,2,70.5,Low,normal
STU0893,4,5.66,60.3,54.1,48.4,52.5,44.6,17.2,2.0,2.9,8,39.3,High,normal
STU0894,4,9.0,75.64591993408425,78.2,60.8,31.127941943123076,47.37047187026303,87.4,9.9,7.3,9,53.5,Medium,assignment_problem
STU0895,3,6.93,72.1,61.7,44.3,67.7,59.7,50.6,12.0,5.7,5,62.4,Low,normal
STU0896,5,8.13,92.4,63.3,89.6,72.9,95.1,77.1,,8.5,2,91.3,Low,normal
STU0897,5,4.39,89.2,45.4,40.1,70.1,80.7,63.3,13.6,8.1,5,51.3,Medium,normal
STU0898,5,5.02,99.51644348194465,33.3760749916223,35.53550240342714,42.6,47.4,46.461001235565256,7.9,7.4,4,38.4,High,high_attendance_low_performance
STU0899,6,8.67,94.1,96.7,96.0,78.9,100.0,82.1,14.5,6.9,2,89.3,Low,normal
STU0900,6,8.49,73.2,77.8,82.2,93.0,91.4,78.2,17.6,6.8,1,84.0,Low,normal
STU0901,3,9.28,95.4,94.64408806657897,96.98956829693115,89.7,90.7,84.83877375384175,0.3789675023472232,2.2604754044527255,3,80.9,Low,low_engagement_high_performance
STU0902,4,10.0,77.2,90.8,87.3,82.2,71.5,74.5,11.2,7.3,0,87.4,Low,normal
STU0903,4,8.94,87.0,70.1,78.1,88.8,80.3,71.1,,6.8,1,80.2,Low,normal
STU0904,4,6.8,78.3,56.8,70.5,45.5,74.2,67.4,15.9,6.2,3,51.9,Medium,normal
STU0905,6,7.1,78.8,77.6,58.2,56.7,52.1,63.0,12.5,8.0,0,74.1,Low,normal
STU0906,5,4.55,65.9,20.1,16.1,49.0,45.4,21.5,6.9,6.8,2,26.4,High,normal
STU0907,5,4.31,67.3,40.1,33.9,37.8,38.5,17.1,8.6,1.9,5,38.2,High,normal
STU0908,6,6.54,64.0,42.4,50.6,33.1,66.6,63.2,7.6,3.1,3,50.8,Medium,normal
STU0909,6,7.12,74.1,53.3,42.4,52.2,58.6,43.5,4.5,4.0,2,51.3,Medium,normal
STU0910,3,7.19,85.7,68.6,53.8,65.1,69.6,75.9,16.3,8.6,1,69.4,Low,normal
STU0911,5,8.14,43.66710589348369,83.03476007600874,98.98143653288521,95.74157470406746,81.0,70.7,10.9,8.3,3,83.0,Low,low_attendance_high_performance
STU0912,4,7.74,69.4,54.6,42.2,62.6,55.0,,10.3,7.6,3,68.4,Low,normal
STU0913,4,7.21,89.7,80.2,92.4,80.6,59.4,87.4,18.2,7.6,2,97.2,Low,normal
STU0914,3,7.32,73.9,47.9,48.3,56.4,57.7,54.4,8.7,7.6,5,63.2,Low,normal
STU0915,4,7.3,70.2,59.4,44.8,76.0,43.2,78.6,8.3,2.7,5,72.4,Low,normal
STU0916,4,6.32,60.7,51.5,49.4,64.8,48.4,53.7,11.1,3.0,2,63.6,Low,normal
STU0917,4,5.88,61.6,54.7,55.7,60.0,62.8,58.9,10.2,6.0,5,61.6,Low,normal
STU0918,5,6.95,42.2,64.2,46.1,54.7,39.3,28.6,0.0,0.8,7,61.8,Low,normal
STU0919,6,4.81,57.0,55.8,41.8,44.6,68.9,29.7,10.1,2.8,3,34.9,High,normal
STU0920,3,6.94,94.8,68.3,81.0,65.5,88.3,55.3,14.3,6.3,1,70.6,Low,normal
STU0921,3,5.96,64.4,68.9,48.6,63.1,69.2,37.9,10.1,4.7,2,49.8,Medium,normal
STU0922,6,7.27,74.6,60.2,54.9,71.3,51.0,70.9,11.9,3.7,2,63.7,Low,normal
STU0923,3,5.63,56.4,54.5,39.4,48.3,59.2,31.5,15.9,2.0,7,51.6,Medium,normal
STU0924,6,5.17,57.1,37.0,53.2,44.2,55.3,49.6,6.9,4.9,5,38.5,High,normal
STU0925,5,7.15,74.9,50.5,73.0,60.3,68.3,43.9,16.6,5.0,1,69.6,Low,normal
STU0926,4,10.0,95.1,80.0,64.5,100.0,96.0,93.0,20.9,9.4,7,82.6,Low,normal
STU0927,3,6.99,76.1,66.6,77.0,76.9,52.5,77.8,,1.6,2,69.6,Low,normal
STU0928,3,7.15,77.2,71.0,68.4,76.1,55.4,72.4,10.5,6.1,3,72.6,Low,normal
STU0929,3,5.26,73.6,55.5,57.9,63.0,69.6,39.7,16.3,6.3,1,71.3,Low,normal
STU0930,3,7.38,79.3,54.2,53.2,76.2,82.9,33.1,7.6,6.6,1,56.7,Medium,normal
STU0931,5,9.62,93.5,81.0,69.8,93.1,88.1,92.9,14.2,9.4,1,88.5,Low,normal
STU0932,3,4.67,68.3,31.8,38.6,40.8,40.0,34.4,10.7,1.3,2,32.7,High,normal
STU0933,5,4.98,47.9,40.8,24.2,47.9,39.4,25.1,2.0,,5,29.9,High,normal
STU0934,5,5.99,73.9,58.7,41.9,57.3,67.2,,15.0,4.3,5,47.0,Medium,normal
STU0935,4,9.64,92.6,74.0,67.0,91.2,89.2,95.8,11.8,8.8,2,87.4,Low,normal
STU0936,3,7.54,69.6,66.1,69.9,62.3,68.3,44.8,10.6,6.8,1,71.3,Low,normal
STU0937,3,9.55,74.6,100.0,89.1,75.2,77.4,80.9,12.5,9.6,3,95.4,Low,normal
STU0938,3,7.91,61.2,60.6,69.1,57.0,61.7,63.3,8.0,1.2,5,60.0,Low,normal
STU0939,5,7.84,84.6,72.0,82.3,72.0,93.9,67.0,14.1,4.9,0,83.8,Low,normal
STU0940,4,6.48,65.6,65.8,54.2,66.1,54.5,63.0,6.9,6.1,3,63.0,Low,normal
STU0941,6,7.03,93.3,51.3,52.4,51.8,75.3,71.5,17.6,3.9,1,63.1,Low,normal
STU0942,4,7.58,73.6,72.5,60.3,65.9,65.6,57.3,14.0,4.6,5,57.7,Medium,normal
STU0943,4,8.79,81.0,79.87830511357251,40.32229850739664,46.46073798628006,69.8,56.2,9.6,3.3,6,39.2,High,sudden_decline
STU0944,5,4.71,60.3,61.7,34.1,27.9,48.8,45.8,2.6,0.1,4,43.8,High,normal
STU0945,5,8.45,76.1,78.5,80.4,73.7,53.8,81.1,7.7,6.0,0,80.9,Low,normal
STU0946,4,9.2,91.52317678614702,42.61691208775863,46.62459659704365,82.3,97.7,27.722646330385302,16.4,8.6,0,46.2,Medium,high_attendance_low_performance
STU0947,3,9.44,84.5,85.49604075136217,98.26382110275938,92.8,100.0,93.54267488637277,2.787354904341811,2.0184265857439843,5,87.5,Low,low_engagement_high_performance
STU0948,5,5.92,64.0,43.6,55.6,43.0,37.4,17.2,5.9,3.4,7,38.4,High,normal
STU0949,4,4.54,90.6823698413364,50.1,37.1,44.929294575973955,56.72396505481434,22.0,7.7,4.3,10,49.5,Medium,assignment_problem
STU0950,4,7.25,86.6,60.8,71.5,76.1,79.0,54.9,11.6,4.5,2,75.4,Low,normal
STU0951,5,7.13,51.65117587819482,87.49828072274236,95.36786986451436,87.49860214932731,71.4,60.6,14.7,5.6,4,82.0,Low,low_attendance_high_performance
STU0952,4,8.77,57.0,63.6,45.8,72.0,77.7,61.2,16.6,7.7,5,74.3,Low,normal
STU0953,5,8.53,93.4,83.5,86.4,96.1,86.6,75.3,9.4,8.6,4,87.4,Low,normal
STU0954,5,5.06,28.2,45.1,48.7,31.0,21.6,42.7,1.9,0.3,7,25.4,High,normal
STU0955,5,5.74,80.1,52.0,53.3,66.8,64.9,51.5,10.7,7.0,5,65.5,Low,normal
STU0956,5,4.52,62.2,40.99834014076408,81.5041367498237,42.4,65.4,92.29627198547168,5.0,3.5,3,75.7,Low,sudden_improvement
STU0957,5,8.5,78.4,72.3,79.8,68.9,76.5,83.9,7.8,6.4,5,64.3,Low,normal
STU0958,5,10.0,80.9,76.0,70.1,95.2,85.5,96.7,14.3,7.7,4,84.3,Low,normal
STU0959,6,9.37,93.2,87.2,83.3,87.2,71.8,83.5,15.2,6.6,2,78.5,Low,normal
STU0960,4,4.58,36.4,92.28533454341637,37.5526520162099,35.040715249876996,48.2,26.1,7.2,1.3,7,55.4,Medium,sudden_decline
STU0961,4,8.42,87.8,78.7,65.7,74.8,63.9,93.9,14.0,5.0,0,80.1,Low,normal
STU0962,6,7.24,83.1,73.6,77.4,79.0,84.0,58.1,8.9,4.8,1,67.6,Low,normal
STU0963,5,9.24,72.1,55.9,66.7,71.9,64.7,62.0,14.4,6.6,2,80.0,Low,normal
STU0964,3,7.74,74.0,63.4,73.0,65.5,71.5,55.3,9.7,6.3,4,73.3,Low,normal
STU0965,6,4.15,65.9,55.5,58.9,64.7,76.1,46.7,6.3,6.1,1,52.6,Medium,normal
STU0966,3,7.29,92.9,63.4,61.4,68.2,89.9,53.5,16.2,8.0,1,60.7,Low,normal
STU0967,5,4.91,68.5,33.2,45.7,56.6,56.0,33.8,9.6,4.0,2,39.0,High,normal
STU0968,6,7.15,75.2,92.0,100.0,88.0,76.5,45.0,16.6,8.9,2,76.3,Low,normal
STU0969,6,6.36,59.8,67.3,51.8,42.9,55.7,49.8,7.1,2.2,7,59.6,Medium,normal
STU0970,3,8.18,100.0,78.9,85.1,72.6,93.4,51.0,18.5,9.1,0,69.7,Low,normal
STU0971,5,7.6,81.5,83.3,68.8,72.2,87.2,55.7,12.6,5.5,3,74.0,Low,normal
STU0972,4,6.78,55.6,24.1,33.8,36.3,48.2,55.9,10.7,4.9,9,41.2,High,normal
STU0973,4,5.13,71.6,38.0,37.3,53.0,47.9,55.1,11.1,4.6,2,55.9,Medium,normal
STU0974,3,10.0,99.9,83.12160616491879,98.17680792296163,91.3,93.7,87.3049372286111,2.732047104856584,1.7164331169619602,5,77.2,Low,low_engagement_high_performance
STU0975,5,8.56,83.9,82.6,98.5,90.6,80.9,83.2,16.3,8.5,0,96.2,Low,normal
STU0976,4,8.15,74.3,62.7,62.7,81.1,56.4,56.2,10.4,,7,63.5,Low,normal
STU0977,3,5.95,71.3,28.2,59.0,68.2,71.6,39.4,16.7,5.0,5,44.5,High,normal
STU0978,5,8.74,87.8,85.0,99.7,86.6,76.5,71.8,14.9,6.2,2,87.0,Low,normal
STU0979,5,8.11,76.3,72.1,76.3,49.3,75.2,,11.8,5.0,1,77.9,Low,normal
STU0980,6,7.26,78.1,79.0,61.0,70.5,61.0,,11.3,2.8,0,75.6,Low,normal
STU0981,6,6.56,69.5,51.3,47.6,81.7,77.4,54.7,14.6,1.8,4,55.2,Medium,normal
STU0982,4,6.11,55.7,46.5,39.5,24.9,46.5,39.0,10.4,5.3,2,41.0,High,normal
STU0983,6,9.18,85.6,38.0,64.4,76.2,67.7,78.6,12.0,4.6,2,62.4,Low,normal
STU0984,6,7.77,79.0,67.0,54.8,71.9,75.9,72.2,9.7,8.6,1,69.6,Low,normal
STU0985,4,6.03,71.4,82.70394817627064,75.64743538505533,43.0,80.2,78.87377440367464,3.3270713143032262,1.5231992695148018,7,84.7,Low,low_engagement_high_performance
STU0986,3,6.28,51.47664635174353,77.46386809775755,93.94556187639948,88.96732316287326,82.4,56.2,12.8,8.6,3,86.5,Low,low_attendance_high_performance
STU0987,4,6.04,87.1,77.4,70.7,81.6,84.9,51.0,17.7,5.6,3,70.9,Low,normal
STU0988,4,6.22,65.9,51.9,50.8,66.6,78.3,57.0,10.2,2.7,2,62.6,Low,normal
STU0989,5,8.89,87.6,79.9,94.4,79.9,100.0,75.3,14.1,5.8,1,81.7,Low,normal
STU0990,5,3.32,70.8,24.0,40.6,35.6,61.0,,3.7,3.1,4,38.4,High,normal
STU0991,5,6.28,92.8,57.6,69.9,67.0,92.4,47.3,,3.4,2,67.2,Low,normal
STU0992,5,7.47,65.1,50.3,77.4,77.0,75.7,59.1,11.9,3.5,0,69.9,Low,normal
STU0993,3,7.48,88.1,69.0,63.8,60.7,77.8,64.6,13.6,4.7,6,68.4,Low,normal
STU0994,6,6.91,77.7,77.9,59.2,68.5,86.1,50.5,15.2,3.9,1,70.4,Low,normal
STU0995,4,7.23,63.7,81.6,59.4,96.4,64.8,74.1,10.6,3.4,4,74.8,Low,normal
STU0996,6,8.51,90.0,68.3,52.6,93.6,81.3,57.9,15.6,6.7,0,84.2,Low,normal
STU0997,3,4.54,52.0,47.5,29.2,56.5,48.7,48.6,11.4,3.9,4,25.5,High,normal
STU0998,6,8.19,94.2512213420135,35.732153075107625,47.422166015523985,68.9,86.4,,16.6,6.2,1,47.8,Medium,high_attendance_low_performance
STU0999,3,5.81,53.5,57.8,44.0,42.3,50.8,54.1,7.8,2.8,5,37.2,High,normal
STU1000,3,6.05,88.0,57.7,61.0,75.8,98.9,72.2,18.2,7.6,2,71.5,Low,normal
STU1001,3,9.83,74.1,58.9,80.2,72.5,75.0,79.6,15.6,6.3,1,100.0,Low,normal
STU1002,5,6.23,55.217848992482885,90.31480848409063,80.32388351993923,85.64699352360145,64.2,39.9,,3.6,3,84.5,Low,low_attendance_high_performance
STU1003,6,4.6,54.4,38.1,21.9,59.7,57.6,23.9,9.1,2.5,8,36.6,High,normal
STU1004,4,7.16,49.1,48.1,46.9,46.5,50.5,40.0,9.5,5.5,5,49.9,Medium,normal
STU1005,6,5.81,66.0,56.8,37.8,69.4,41.4,21.4,10.9,4.5,2,55.1,Medium,normal
STU1006,5,5.81,97.5,57.1,53.1,67.9,75.6,66.1,18.5,8.7,2,67.2,Low,normal
STU1007,5,7.22,73.6,46.2,67.6,91.0,80.0,55.7,14.0,5.4,4,61.1,Low,normal
STU1008,6,5.77,62.8,17.7,21.5,42.1,63.9,18.3,8.9,,3,34.3,High,normal
STU1009,4,7.18,100.0,64.7,92.6,90.2,80.6,88.5,16.1,9.2,4,74.8,Low,normal
STU1010,4,7.42,79.5,92.9,91.4,83.1,57.2,55.5,9.9,2.8,6,77.2,Low,normal
STU1011,6,7.45,87.0,88.2,78.2,98.3,87.6,79.0,18.5,6.0,0,81.7,Low,normal
STU1012,6,7.5,52.2,68.6,52.2,66.7,37.1,51.9,6.3,2.2,1,62.9,Low,normal
STU1013,6,6.1,27.4,89.4780559978693,42.134861494104705,33.862094472359146,33.6,17.8,3.6,0.5,5,39.3,High,sudden_decline
STU1014,6,7.77,81.3,77.2,91.8,86.5,63.6,58.3,18.8,5.8,5,79.4,Low,normal
STU1015,3,5.02,72.9,55.1,37.6,39.8,69.5,,12.6,4.6,7,45.9,Medium,normal
STU1016,6,6.98,50.5,86.35700568534041,92.01400003326057,62.6,48.0,89.83473515426417,3.4474206566802303,1.651753487181955,6,81.1,Low,low_engagement_high_performance
STU1017,4,8.97,100.0,87.7,98.9,77.9,100.0,81.1,16.6,10.0,3,95.0,Low,normal
STU1018,6,8.82,59.8,67.1,58.8,49.6,73.2,67.3,9.5,8.0,1,69.1,Low,normal
STU1019,4,5.78,58.3,72.2,47.7,51.4,46.2,23.6,9.7,1.0,4,45.4,Medium,normal
STU1020,5,7.44,87.1,80.7,83.3,89.0,67.8,83.5,13.9,6.9,3,82.5,Low,normal
STU1021,5,8.62,67.0,85.9,78.2,81.0,66.8,71.1,9.6,5.2,5,77.3,Low,normal
STU1022,4,7.02,73.4,53.8,47.5,61.7,63.0,53.2,15.5,6.0,6,67.0,Low,normal
STU1023,3,5.41,47.0,63.3,47.3,64.5,46.3,61.3,5.7,0.4,2,63.0,Low,normal
STU1024,6,8.01,56.8,64.4,61.7,51.4,38.9,77.5,3.4,0.4,5,53.4,Medium,normal
STU1025,6,6.87,58.0,42.90501324630159,84.53692401655492,34.1,55.3,73.73676147977004,8.4,3.5,10,75.7,Low,sudden_improvement
STU1026,3,6.78,84.4,77.5,74.2,48.1,83.1,53.2,17.6,5.5,1,77.4,Low,normal
STU1027,6,2.83,73.7,21.3,17.1,27.7,53.1,14.7,5.1,3.7,6,14.5,High,normal
STU1028,5,5.5,53.4,45.5,7.4,48.0,31.7,50.4,4.3,1.9,6,41.0,High,normal
STU1029,4,8.06,54.4,66.0,59.3,51.3,51.4,40.2,7.3,3.8,6,67.8,Low,normal
STU1030,4,3.97,69.2,33.6,17.0,46.3,57.0,,12.2,3.6,1,28.3,High,normal
STU1031,6,7.99,93.9,77.2,100.0,100.0,93.6,77.0,19.4,,3,88.3,Low,normal
STU1032,5,8.0,66.9,93.4,71.4,57.1,63.2,54.8,7.8,2.7,5,73.9,Low,normal
STU1033,5,9.08,100.0,57.3,53.4,80.9,84.6,50.5,10.2,7.1,3,75.3,Low,normal
STU1034,5,9.77,90.9,98.5,95.8,92.1,100.0,63.6,18.7,9.2,2,87.2,Low,normal
STU1035,3,9.44,77.9,98.8,85.6,82.9,90.7,83.3,14.3,8.9,1,100.0,Low,normal
STU1036,4,6.59,69.5,74.7,51.2,74.7,77.9,50.6,12.7,6.1,0,48.1,Medium,normal
STU1037,3,7.64,55.9,57.5,72.0,68.3,68.8,53.6,10.7,6.3,2,79.7,Low,normal
STU1038,3,4.94,94.89789593001986,33.2,23.1,22.316607208744127,47.532290311999226,32.6,10.8,2.7,6,55.7,Medium,assignment_problem
STU1039,5,8.15,76.2,93.3,68.7,100.0,88.1,57.0,22.0,10.0,2,77.4,Low,normal
STU1040,6,7.16,52.850081456118104,93.21186665051168,95.00821797302534,96.16567769597182,66.6,65.0,,4.2,2,90.1,Low,low_attendance_high_performance
STU1041,4,8.88,59.5,49.8,64.7,76.0,71.6,60.2,6.0,6.0,1,60.4,Low,normal
STU1042,3,5.97,49.16686034984559,83.21349588421671,83.42622252815502,76.29090969065547,60.6,30.9,14.5,6.4,1,87.2,Low,low_attendance_high_performance
STU1043,5,6.78,76.0,72.3,69.9,65.2,58.7,49.9,12.0,4.4,2,70.5,Low,normal
STU1044,6,6.78,84.5,77.5,71.4,81.6,83.1,52.9,17.5,8.5,1,75.8,Low,normal
STU1045,5,5.01,64.1,34.7,41.7,39.2,65.8,26.6,12.4,5.3,5,35.4,High,normal
STU1046,6,6.86,53.1,45.9,37.7,48.5,66.4,50.8,13.2,6.7,7,46.9,Medium,normal
STU1047,5,8.41,93.9,83.8,86.9,82.9,90.1,77.7,16.9,,6,86.6,Low,normal
STU1048,6,10.0,100.0,86.9,78.9,77.6,89.5,86.7,12.1,6.7,2,83.4,Low,normal
STU1049,3,4.92,76.5,55.3,47.3,65.9,74.0,40.0,14.6,4.9,4,55.6,Medium,normal
STU1050,4,7.42,74.4,79.52784290366448,53.25982674128021,46.011234236150244,81.5,46.7,13.2,3.3,4,52.9,Medium,sudden_decline
STU1051,4,6.23,58.7,31.3,40.6,51.3,57.6,57.7,,4.4,3,57.1,Medium,normal
STU1052,5,8.49,75.2,56.0,69.1,78.4,68.1,48.9,13.0,6.6,3,82.4,Low,normal
STU1053,6,6.55,53.7,74.8,66.3,49.2,39.2,42.3,8.2,,4,58.7,Medium,normal
STU1054,6,5.76,76.6,51.4,29.9,50.9,62.6,44.0,15.0,2.5,6,54.9,Medium,normal
STU1055,3,8.13,63.4,54.7,38.2,56.8,56.2,56.5,4.2,2.6,3,54.8,Medium,normal
STU1056,3,8.09,86.7,85.7,74.0,81.2,59.8,63.2,15.5,7.3,4,71.2,Low,normal
STU1057,4,5.87,73.0,40.9,64.9,59.5,77.1,40.7,8.9,5.7,4,53.5,Medium,normal
STU1058,4,6.47,66.9,87.74050277609257,85.71038916432856,52.0,51.9,91.23267207438859,3.863626456877058,2.2139623068480137,3,65.1,Low,low_engagement_high_performance
STU1059,5,8.06,72.9,67.7,63.3,78.9,78.3,78.3,13.1,6.6,2,59.1,Medium,normal
STU1060,6,7.96,68.9,56.3,50.5,59.0,74.8,55.7,7.3,3.9,4,66.3,Low,normal
STU1061,6,5.76,61.4,38.9,27.6,40.3,41.7,21.2,5.5,4.4,4,38.9,High,normal
STU1062,5,7.54,49.0,58.4,56.8,36.5,37.8,43.7,2.3,0.0,5,62.9,Low,normal
STU1063,6,4.93,73.4,22.6,42.7,57.3,62.4,28.6,7.9,7.3,1,48.7,Medium,normal
STU1064,5,7.86,90.3,69.8,72.3,70.8,70.7,65.8,10.6,6.0,4,74.7,Low,normal
STU1065,3,8.75,63.5,62.1,60.9,76.0,68.8,76.2,7.8,3.0,1,69.0,Low,normal
STU1066,5,4.81,61.5,35.3,58.6,49.3,65.1,30.1,6.0,3.5,3,58.4,Medium,normal
STU1067,5,9.2,96.2,98.9,91.7,80.8,88.2,70.1,12.5,7.3,3,100.0,Low,normal
STU1068,5,9.39,90.4,74.1,69.8,66.6,91.3,66.8,15.7,8.5,3,77.5,Low,normal
STU1069,3,7.05,87.7,42.3,63.5,64.5,76.6,57.9,15.8,6.4,1,72.7,Low,normal
STU1070,4,6.89,74.4,65.7,59.3,69.5,54.3,48.3,11.1,4.4,6,57.5,Medium,normal
STU1071,4,7.42,84.4,59.8,81.9,66.5,50.0,57.5,11.3,4.7,1,67.7,Low,normal
STU1072,6,8.29,71.2,84.7,71.2,93.9,63.9,,12.5,6.9,1,78.2,Low,normal
STU1073,4,9.0,57.533421985262066,82.7297444210279,84.10984828995335,99.75671742225148,91.3,92.4,13.8,6.6,1,82.4,Low,low_attendance_high_performance
STU1074,6,8.5,89.3,76.31674694358517,90.03162274046974,93.3,87.7,88.54943534872265,2.0226474752713894,2.457326399749226,1,77.3,Low,low_engagement_high_performance
STU1075,6,5.32,38.9,47.6,48.3,47.4,47.8,26.0,9.0,2.8,2,56.9,Medium,normal
STU1076,4,7.05,66.2,63.8,82.1,62.7,44.5,44.5,1.9,1.6,7,72.4,Low,normal
STU1077,5,5.59,80.6,71.0,51.6,31.3,82.6,65.1,11.0,7.8,2,67.1,Low,normal
STU1078,6,5.79,85.9,57.3,73.3,85.5,77.7,72.0,15.5,10.0,2,68.4,Low,normal
STU1079,4,9.27,74.9,80.9,65.0,68.9,82.1,100.0,14.8,5.4,2,88.5,Low,normal
STU1080,6,4.43,49.2,47.6,33.0,40.8,42.7,50.9,0.7,0.0,2,18.6,High,normal
STU1081,3,6.15,65.2,50.9,32.6,46.8,58.2,37.6,9.4,4.8,5,50.0,Medium,normal
STU1082,3,8.04,84.7,86.1,82.0,80.6,90.3,55.7,15.7,6.4,4,81.4,Low,normal
STU1083,6,6.88,86.4,58.2,51.3,68.4,92.1,22.7,8.3,8.3,3,43.6,High,normal
STU1084,6,5.02,49.1,47.4,33.2,46.8,41.3,35.3,2.0,0.8,5,42.6,High,normal
STU1085,6,4.74,49.7,56.8,45.9,47.7,41.7,70.8,2.5,1.5,4,54.3,Medium,normal
STU1086,5,7.87,86.4,76.8,79.3,78.3,81.7,81.6,16.1,7.2,4,65.4,Low,normal
STU1087,6,8.86,60.7,42.99869167937504,89.02374582211112,67.7,62.8,71.28551881210737,9.6,2.6,3,74.7,Low,sudden_improvement
STU1088,6,8.9,97.7,92.7,94.1,70.0,86.6,73.6,17.1,7.6,1,100.0,Low,normal
STU1089,6,7.31,39.8,82.0,86.0,47.1,39.0,63.3,1.8,3.0,6,66.8,Low,normal
STU1090,5,8.58,84.2,49.759766013226994,70.87127675292572,90.1,80.0,,10.1,7.0,3,71.6,Low,sudden_improvement
STU1091,4,5.57,60.0,42.9,34.1,52.6,40.4,50.8,5.9,2.4,3,54.8,Medium,normal
STU1092,6,7.07,73.0,72.9,74.5,78.2,84.3,54.8,9.4,4.6,1,75.3,Low,normal
STU1093,4,8.82,74.3,74.9,57.1,63.9,68.5,56.0,8.3,6.4,6,77.3,Low,normal
STU1094,5,5.76,85.7,54.7,46.9,75.0,66.8,47.8,16.6,8.0,3,42.0,High,normal
STU1095,4,7.02,78.6,56.5,75.3,64.2,76.5,59.7,15.6,6.4,1,68.8,Low,normal
STU1096,5,7.42,90.5,80.5,78.0,94.8,59.6,,15.0,7.9,0,55.9,Medium,normal
STU1097,4,7.39,87.0,81.7,65.4,79.3,82.5,71.4,13.6,9.4,1,63.5,Low,normal
STU1098,3,8.84,88.7,88.9,69.3,100.0,92.0,70.0,19.0,6.4,0,81.0,Low,normal
STU1099,6,4.65,75.7,34.41097445315722,82.5889568469175,18.2,49.3,92.72693191076185,7.8,4.0,6,79.6,Low,sudden_improvement
STU1100,4,8.21,61.9,62.0,73.9,82.0,85.8,41.8,5.8,2.6,5,68.6,Low,normal
STU1101,5,8.15,97.9,94.1,100.0,84.2,94.2,76.6,10.2,10.0,1,92.4,Low,normal
STU1102,3,9.23,57.1,76.7,75.1,63.4,60.0,,13.5,3.4,7,75.3,Low,normal
STU1103,3,6.54,51.8,46.49404007167993,88.4907692248646,48.3,39.1,80.26370877494806,4.5,5.5,1,70.9,Low,sudden_improvement
STU1104,3,5.12,45.0,41.8,35.3,31.1,32.4,40.3,5.1,0.1,7,41.1,High,normal
STU1105,5,6.27,50.4,32.9,36.8,42.3,34.6,26.1,8.0,0.0,9,32.6,High,normal
STU1106,3,8.94,93.0,44.69771277950818,81.4484909830004,75.1,76.0,81.23538970466457,15.5,6.7,3,66.2,Low,sudden_improvement
STU1107,6,10.0,91.8,93.8,84.8,76.8,66.5,88.7,11.9,7.1,3,90.7,Low,normal
STU1108,3,4.88,78.4,45.2,46.8,47.3,31.0,19.9,2.3,2.1,7,42.3,High,normal
STU1109,3,5.16,77.5,68.4,73.2,51.4,59.2,69.5,8.1,7.0,3,55.3,Medium,normal
STU1110,3,9.9,89.1,85.7,80.4,85.1,100.0,97.7,18.5,7.9,0,100.0,Low,normal
STU1111,3,5.66,73.2,44.7,42.4,35.2,63.6,28.9,14.9,1.7,3,51.7,Medium,normal
STU1112,6,8.79,84.4,85.3,92.2,76.8,81.6,63.0,13.8,7.6,0,79.5,Low,normal
STU1113,6,8.26,94.6,100.0,88.9,97.7,84.3,78.8,13.9,6.1,0,89.4,Low,normal
STU1114,5,7.05,60.8,54.0,24.9,49.5,77.7,30.2,13.0,4.4,4,64.6,Low,normal
STU1115,3,6.36,57.38235977926821,85.27930637139175,85.789134096784,81.72983551123737,62.6,23.7,8.6,7.4,4,85.7,Low,low_attendance_high_performance
STU1116,4,6.1,88.7,65.9,67.2,68.5,83.8,46.9,14.8,9.2,4,69.6,Low,normal
STU1117,4,8.33,65.3,93.4,70.4,72.3,68.1,68.2,13.2,5.1,2,72.9,Low,normal
STU1118,6,4.57,66.4,41.0,36.7,75.3,62.3,40.3,10.0,6.0,0,45.3,Medium,normal
STU1119,3,7.45,75.5,65.7,44.6,58.2,68.7,44.9,10.1,3.5,5,70.7,Low,normal
STU1120,5,8.37,96.4,88.0,52.1,84.4,100.0,86.0,20.5,6.5,5,79.9,Low,normal
STU1121,4,5.24,49.1,57.9,57.9,57.8,64.1,24.8,9.8,2.8,3,51.2,Medium,normal
STU1122,4,6.62,61.9,58.0,52.9,62.0,54.4,38.1,10.2,0.4,4,56.1,Medium,normal
STU1123,4,6.91,64.3,52.5,73.1,69.2,78.3,60.4,10.7,6.3,0,87.6,Low,normal
STU1124,3,6.75,73.0,48.9,55.9,55.9,83.0,30.8,14.9,5.6,2,57.8,Medium,normal
STU1125,6,7.83,79.3,69.7,60.6,85.7,73.1,45.7,12.7,3.9,3,62.5,Low,normal
STU1126,3,7.25,62.1,71.1,61.5,60.5,41.8,58.5,5.1,5.7,1,59.8,Medium,normal
STU1127,5,10.0,67.5,86.8,91.1,77.7,69.6,65.8,14.5,4.9,1,93.7,Low,normal
STU1128,3,8.47,75.6,68.1,80.0,65.5,74.5,65.3,10.2,4.3,4,63.8,Low,normal
STU1129,6,7.24,82.0,73.5,73.2,58.6,68.4,54.6,10.8,8.0,1,75.3,Low,normal
STU1130,3,6.11,83.3,62.4,66.8,70.6,66.1,38.5,,,3,56.5,Medium,normal
STU1131,6,5.98,58.6,48.9,39.1,27.0,56.6,14.9,,5.0,5,28.6,High,normal
STU1132,6,7.92,59.4,59.4,51.4,64.5,57.5,64.4,10.0,,6,54.6,Medium,normal
STU1133,6,8.3,72.7,76.9,78.2,81.7,84.5,58.7,15.6,9.0,4,79.2,Low,normal
STU1134,4,9.25,93.8,98.6,96.7,100.0,88.8,82.1,15.9,9.8,2,100.0,Low,normal
STU1135,5,8.79,64.4,48.6,41.5,43.0,69.0,51.2,16.7,4.9,3,67.0,Low,normal
STU1136,4,9.99,77.7,65.1,65.2,78.6,83.3,78.6,11.8,5.9,3,77.1,Low,normal
STU1137,3,4.66,57.1,31.483192496704575,84.10412455946553,39.3,46.1,80.26729106222119,9.2,0.8,5,91.3,Low,sudden_improvement
STU1138,4,7.79,78.4,69.1,59.0,62.7,53.9,61.3,10.7,2.6,8,61.7,Low,normal
STU1139,3,6.58,79.6,64.6,57.3,61.4,86.3,44.8,11.5,8.4,3,51.4,Medium,normal
STU1140,6,8.51,86.9,67.5,70.8,80.4,74.8,88.1,14.9,7.1,1,80.6,Low,normal
STU1141,3,4.38,44.4,35.6,39.6,14.6,24.1,1.0,0.0,0.0,9,15.6,High,normal
STU1142,5,7.15,74.9,59.2,69.9,70.8,82.8,48.7,13.1,7.0,1,73.8,Low,normal
STU1143,5,7.4,73.0,43.5,36.2,31.4,44.1,64.4,6.7,,6,58.5,Medium,normal
STU1144,5,7.77,72.8,85.0,68.8,72.0,67.8,71.5,7.9,7.0,2,68.2,Low,normal
STU1145,5,8.3,86.0146936531577,73.0,81.2,45.1374349208141,37.60757911418941,54.7,16.6,8.0,6,46.5,Medium,assignment_problem
STU1146,3,6.46,81.2,44.7,51.0,67.8,70.4,33.9,8.9,6.0,5,55.4,Medium,normal
STU1147,5,4.12,66.8,26.4,23.3,59.4,82.7,13.1,5.9,5.1,5,40.5,High,normal
STU1148,4,7.84,75.8,46.1,44.6,63.2,66.4,68.4,7.6,5.3,1,52.2,Medium,normal
STU1149,6,6.11,90.9,64.2,52.0,84.5,90.1,44.4,22.9,8.4,2,70.2,Low,normal
STU1150,6,4.74,47.2,38.2,25.1,37.3,34.5,33.6,1.6,3.3,2,24.6,High,normal
STU1151,6,4.11,61.6,29.1,28.0,31.0,51.9,29.2,10.3,5.0,1,41.5,High,normal
STU1152,3,4.25,68.2,50.9,57.3,67.1,58.4,61.5,9.4,6.0,6,60.3,Low,normal
STU1153,4,6.51,76.7,46.1,46.0,72.7,70.4,58.7,12.3,4.6,1,53.5,Medium,normal
STU1154,3,6.71,64.0,62.8,54.0,70.0,74.0,54.1,13.8,6.3,4,73.2,Low,normal
STU1155,3,6.05,73.1,87.30694745999769,52.57980052600736,34.669669238082186,66.5,37.2,,4.7,5,30.3,High,sudden_decline
STU1156,3,6.78,79.1,56.5,66.6,62.3,64.3,50.9,7.6,5.2,2,73.0,Low,normal
STU1157,5,8.71,46.620170736776096,88.36164054630018,93.08124647914613,98.41299054160532,78.0,71.5,9.9,6.2,3,90.4,Low,low_attendance_high_performance
STU1158,3,3.79,84.8,40.5,49.6,35.7,61.1,4.6,14.4,7.7,0,46.7,Medium,normal
STU1159,5,3.56,63.0,33.7,29.3,42.7,72.2,23.6,10.9,3.8,4,34.3,High,normal
STU1160,6,10.0,97.64518166580831,33.08571967993644,46.536079997424906,87.4,100.0,27.130684550748025,13.3,7.4,1,49.8,Medium,high_attendance_low_performance
STU1161,5,6.92,64.2,68.3,36.5,55.5,67.1,40.1,12.1,4.2,2,50.2,Medium,normal
STU1162,4,9.77,98.4,100.0,100.0,100.0,99.1,98.9,16.1,7.9,2,100.0,Low,normal
STU1163,4,9.86,81.4,79.1,76.1,82.1,79.7,54.0,10.9,7.1,2,77.2,Low,normal
STU1164,4,3.38,58.2,22.0,22.7,27.9,58.4,32.7,7.7,3.0,5,39.6,High,normal
STU1165,3,10.0,96.5,99.0,80.4,72.5,71.6,90.2,17.0,10.0,4,85.6,Low,normal
STU1166,5,4.69,74.0,31.6,33.9,51.9,60.3,52.6,12.1,6.2,4,57.7,Medium,normal
STU1167,4,6.2,60.8,46.9,40.1,49.2,65.8,26.5,11.6,4.6,6,63.7,Low,normal
STU1168,6,5.82,57.9,49.8,49.7,59.8,68.7,55.6,6.5,5.1,4,57.7,Medium,normal
STU1169,6,9.04,91.4,72.0,73.1,78.2,76.4,70.6,19.9,6.3,6,82.7,Low,normal
STU1170,5,7.53,99.75631615150903,29.500961142221545,32.6233298525662,60.4,56.7,25.651215428475254,11.5,6.9,2,45.7,Medium,high_attendance_low_performance
STU1171,4,7.12,73.9,50.2,83.1,71.7,62.3,48.8,9.9,5.6,3,59.3,Medium,normal
STU1172,3,7.43,73.9,54.6,35.4,54.2,63.7,38.6,3.3,4.6,4,55.6,Medium,normal
STU1173,6,6.94,96.79404942996962,47.329458667240516,34.41563910121171,57.7,52.9,28.99590349218851,11.1,4.9,5,43.5,High,high_attendance_low_performance
STU1174,4,6.25,76.9,54.7,37.1,64.4,56.6,62.1,13.5,4.0,3,52.0,Medium,normal
STU1175,3,7.0,69.4,61.6,40.5,82.4,73.8,46.5,14.7,4.8,2,78.6,Low,normal
STU1176,3,8.98,72.5,72.2,74.7,81.1,80.4,60.8,18.8,6.0,2,73.9,Low,normal
STU1177,3,4.37,61.7,45.1,36.8,50.5,64.5,27.4,10.9,6.7,5,44.0,High,normal
STU1178,6,9.21,100.0,76.2,92.5,79.3,84.7,71.8,18.6,10.0,4,89.6,Low,normal
STU1179,3,6.31,82.1,53.2,48.2,61.3,58.9,52.0,8.8,5.2,3,55.1,Medium,normal
STU1180,5,5.36,64.3,26.9679897843841,82.88427786950058,75.8,66.9,82.47711728866693,6.0,,3,65.7,Low,sudden_improvement
STU1181,4,6.31,69.6,50.8,31.9,39.5,42.9,40.7,11.0,3.1,5,41.3,High,normal
STU1182,5,8.1,74.8,75.2,80.8,54.4,84.6,53.2,15.7,7.5,8,74.1,Low,normal
STU1183,6,7.19,84.6,48.1,64.0,68.4,67.7,33.0,10.0,9.2,3,62.1,Low,normal
STU1184,6,7.42,60.6,53.7,38.6,61.4,55.3,68.9,8.3,5.2,6,62.1,Low,normal
STU1185,4,9.42,68.8,99.0,88.5,82.3,78.2,71.0,16.8,8.7,2,95.4,Low,normal
STU1186,3,6.47,44.4,49.7,47.4,35.0,31.0,65.9,,3.0,6,47.8,Medium,normal
STU1187,4,7.02,97.9,82.95985575084872,36.878866479682436,55.64749774580828,82.0,62.8,18.3,9.5,3,50.5,Medium,sudden_decline
STU1188,5,7.18,89.1,70.3,80.3,84.7,90.3,,12.1,7.0,1,93.0,Low,normal
STU1189,5,8.03,56.0,73.9,80.1,63.6,59.4,74.9,2.3,3.3,0,63.8,Low,normal
STU1190,5,6.17,32.3,18.8,28.0,49.0,55.2,22.7,5.0,2.1,4,31.6,High,normal
STU1191,3,9.07,84.7,92.3,81.2,95.0,99.2,66.6,16.2,7.8,5,79.6,Low,normal
STU1192,5,7.5,72.9,45.151333643287245,86.1307514677398,64.7,59.0,83.49802781803845,11.3,3.1,1,68.8,Low,sudden_improvement
STU1193,3,6.93,70.5,83.14937260444849,42.16976561076568,39.24897576831241,63.1,50.1,21.3,5.6,2,54.5,Medium,sudden_decline
STU1194,6,7.59,80.7,69.4,70.9,82.7,64.7,62.1,14.5,4.9,1,72.8,Low,normal
STU1195,4,9.33,91.7,58.8,49.4,70.1,78.0,50.3,16.0,8.7,0,73.1,Low,normal
STU1196,5,5.58,61.1,35.1,40.6,35.9,58.7,40.8,8.0,2.1,6,46.9,Medium,normal
STU1197,3,6.62,40.2,42.1,51.5,48.3,59.1,49.3,6.1,,3,66.0,Low,normal
STU1198,4,6.28,46.9,63.0,21.1,45.5,46.2,35.1,9.9,2.0,6,29.7,High,normal
STU1199,5,5.04,62.7,41.9,41.2,40.9,60.5,61.6,10.3,6.4,7,52.6,Medium,normal
STU1200,3,9.83,97.4,78.8,79.3,100.0,100.0,79.8,18.2,5.9,2,92.6,Low,normal
STU1201,6,5.11,59.9,35.0,33.4,66.4,65.9,29.5,5.0,3.7,6,39.1,High,normal
STU1202,5,8.31,95.6,93.9,77.6,84.0,94.2,57.4,11.9,5.7,3,85.4,Low,normal
STU1203,5,8.35,78.4,91.7,80.5,79.9,55.8,72.7,12.2,5.4,1,88.1,Low,normal
STU1204,4,4.39,72.2,59.2,63.7,54.6,73.7,39.2,12.8,5.8,1,61.0,Low,normal
STU1205,4,7.19,73.8,76.1,67.3,85.1,83.5,75.6,12.2,6.9,4,91.5,Low,normal
STU1206,5,4.28,59.3,41.4,44.1,52.5,47.5,31.8,,3.0,9,41.6,High,normal
STU1207,4,7.76,58.2,50.0,46.2,43.4,67.7,42.9,8.6,4.3,1,57.2,Medium,normal
STU1208,5,6.61,92.4,57.4,66.4,74.9,87.7,74.9,16.1,5.8,1,68.8,Low,normal
STU1209,4,6.91,64.6,42.0,42.3,38.3,47.9,49.1,5.6,3.2,1,54.9,Medium,normal
STU1210,3,7.46,51.6,35.3,46.0,66.0,36.8,45.5,6.2,2.3,6,50.8,Medium,normal
STU1211,3,7.96,76.3,75.0,67.1,75.3,76.4,61.4,11.9,6.6,3,72.5,Low,normal
STU1212,3,5.78,62.9,40.9,49.4,48.1,79.9,48.6,7.0,5.1,2,51.5,Medium,normal
STU1213,4,8.21,87.7,89.2,54.3,82.4,83.4,55.1,16.8,9.5,2,75.1,Low,normal
STU1214,5,4.14,62.4,52.6,26.8,46.0,62.3,40.6,14.1,4.6,5,37.2,High,normal
STU1215,6,6.16,57.5,55.4,53.6,64.2,76.9,39.4,7.9,5.7,5,57.8,Medium,normal
STU1216,3,8.11,82.9,83.5,57.3,91.1,97.7,78.4,14.9,6.0,2,76.0,Low,normal
STU1217,6,9.05,91.5,71.1,69.4,68.9,81.9,63.3,16.9,,3,82.6,Low,normal
STU1218,5,9.83,98.1,95.0,83.4,100.0,75.3,64.1,24.4,8.7,2,92.0,Low,normal
STU1219,6,8.09,64.2,70.1,58.7,83.2,68.7,84.6,8.8,6.5,5,68.6,Low,normal
STU1220,5,5.57,72.3,65.6,53.9,55.8,85.8,72.4,9.5,6.0,0,76.0,Low,normal
STU1221,5,6.32,51.4,47.0,49.7,51.2,56.3,9.0,3.1,1.5,6,45.6,Medium,normal
STU1222,3,8.94,87.5,73.3,91.3,100.0,76.7,91.5,18.7,8.4,2,95.4,Low,normal
STU1223,3,7.48,86.6,64.1,48.3,76.4,63.5,53.5,8.9,4.3,1,58.4,Medium,normal
STU1224,3,5.82,55.7,54.2,40.9,42.0,31.5,38.5,3.5,2.8,5,30.7,High,normal
STU1225,5,9.28,71.0,74.4,70.3,82.7,80.4,65.2,4.2,,4,72.9,Low,normal
STU1226,4,6.95,78.8,55.2,37.4,100.0,77.4,53.2,16.8,7.1,1,46.7,Medium,normal
STU1227,6,7.53,80.6,64.4,73.3,76.2,63.2,63.9,15.7,5.1,3,72.1,Low,normal
STU1228,4,8.13,71.5,77.3,79.2,67.1,82.9,46.8,17.1,5.8,0,87.3,Low,normal
STU1229,6,4.89,57.0,38.5,48.7,48.2,49.9,23.3,2.8,1.0,5,34.9,High,normal
STU1230,3,7.95,76.2,65.1,55.9,70.6,80.5,51.0,13.0,6.0,8,49.1,Medium,normal
STU1231,3,5.3,78.3,66.8,40.7,53.1,59.1,51.2,6.3,5.7,5,64.8,Low,normal
STU1232,4,9.62,84.8,93.69256812337305,53.64023376195722,49.6962038264971,86.5,72.7,13.5,6.9,1,34.7,High,sudden_decline
STU1233,4,8.37,88.2,76.8,91.6,73.0,84.0,,,7.6,1,87.3,Low,normal
STU1234,4,7.98,78.7,66.8,73.1,69.9,87.6,68.7,14.5,5.2,3,81.5,Low,normal
STU1235,6,6.78,70.8,70.0,59.3,63.9,76.3,33.2,11.2,5.6,4,65.9,Low,normal
STU1236,3,6.93,64.8,76.9,74.0,44.1,72.5,57.9,10.8,5.9,0,74.7,Low,normal
STU1237,4,6.45,52.3,58.4,40.9,59.6,50.9,33.8,1.6,1.9,2,57.3,Medium,normal
STU1238,6,7.69,80.3,76.2,67.7,52.2,75.4,71.1,15.3,7.5,3,59.1,Medium,normal
STU1239,3,7.69,46.3,53.9,70.4,31.3,35.6,40.7,4.0,2.7,10,44.8,High,normal
STU1240,6,10.0,82.8,100.0,92.6,89.3,82.5,74.9,15.5,7.8,3,100.0,Low,normal
STU1241,6,4.4,70.4,38.8,18.4,47.9,74.3,26.8,5.3,4.3,4,29.9,High,normal
STU1242,3,5.42,53.7,51.6,32.4,52.7,41.8,46.1,9.1,2.5,6,39.2,High,normal
STU1243,4,6.36,60.7,36.1,21.1,43.4,44.0,34.2,12.1,1.6,3,29.7,High,normal
STU1244,4,6.74,92.4,49.4,52.2,56.2,50.1,47.3,13.9,3.9,6,53.4,Medium,normal
STU1245,6,5.43,92.96963353071969,26.128895302690008,30.632049766034324,59.4,32.5,20.30062350170622,6.5,2.6,3,34.7,High,high_attendance_low_performance
STU1246,5,8.54,72.0,79.3,77.8,64.8,79.3,46.9,4.3,2.5,7,64.7,Low,normal
STU1247,5,8.95,81.5,33.485103504555774,90.93885187607496,88.7,75.6,74.01085494038554,17.2,8.8,4,78.9,Low,sudden_improvement
STU1248,6,8.11,91.5,79.5,55.5,72.3,85.9,59.0,18.1,5.2,1,76.7,Low,normal
STU1249,3,6.01,56.2,48.3,53.2,55.0,57.7,30.5,6.3,3.6,4,45.5,Medium,normal
STU1250,6,7.05,61.5,58.8,62.3,65.1,63.9,51.0,14.9,6.5,6,58.3,Medium,normal
STU1251,5,7.18,62.0,51.8,53.1,46.1,65.1,54.0,12.4,4.2,2,40.3,High,normal
STU1252,5,8.15,70.5,64.0,59.0,70.8,67.1,58.1,11.7,4.2,5,83.0,Low,normal
STU1253,6,6.52,90.6,62.5,60.7,78.0,77.8,64.6,13.7,6.5,1,77.7,Low,normal
STU1254,5,10.0,100.0,97.3,94.7,96.7,66.8,59.7,14.3,6.4,1,89.9,Low,normal
STU1255,3,7.09,78.7,50.1,67.2,41.9,54.5,41.0,12.3,6.3,1,54.6,Medium,normal
STU1256,4,7.0,69.9,63.5,61.0,65.8,78.5,51.6,9.7,1.6,2,63.7,Low,normal
STU1257,4,9.53,53.08730731153177,86.5580415526806,86.72484256107161,78.0476909211292,76.1,82.7,15.4,4.9,1,86.1,Low,low_attendance_high_performance
STU1258,3,6.78,75.3,59.7,58.5,77.7,83.6,40.5,,6.6,2,54.3,Medium,normal
STU1259,6,8.21,100.0,92.3,66.6,90.6,100.0,67.4,19.8,7.4,2,63.0,Low,normal
STU1260,3,6.99,69.6,37.2,51.7,60.2,72.6,56.4,12.5,6.0,4,52.1,Medium,normal
STU1261,5,7.0,69.4,69.8,77.1,64.6,88.5,56.8,11.7,7.1,4,58.5,Medium,normal
STU1262,5,3.53,52.4,39.7,40.1,49.2,55.7,6.9,7.2,2.9,5,37.4,High,normal
STU1263,3,6.64,48.332324340346545,91.55458131656584,95.0982029359901,89.4590046557056,66.1,71.4,10.1,5.7,7,71.6,Low,low_attendance_high_performance
STU1264,6,7.32,67.8,48.9,60.7,41.9,59.5,65.7,12.9,7.0,0,56.4,Medium,normal
STU1265,6,9.32,92.0,89.4,95.1,74.7,100.0,86.2,22.3,10.0,1,89.7,Low,normal
STU1266,5,7.62,82.2,71.6,83.0,67.9,70.0,38.2,14.4,6.1,0,88.3,Low,normal
STU1267,3,7.42,60.1,62.6,76.9,79.1,65.4,82.5,17.7,6.2,3,80.5,Low,normal
STU1268,3,9.05,76.0,79.6,74.6,43.0,62.5,58.2,12.4,6.1,1,72.3,Low,normal
STU1269,4,5.64,69.6,49.8,28.5,62.5,54.3,34.9,11.1,5.3,5,64.7,Low,normal
STU1270,4,6.56,68.8,48.6,56.8,67.1,62.8,48.0,15.8,6.2,2,51.1,Medium,normal
STU1271,5,8.03,62.0,52.9,58.7,46.6,79.6,67.8,10.2,3.4,2,57.4,Medium,normal
STU1272,6,4.5,57.1,47.4,43.5,48.6,67.7,28.9,11.8,8.3,3,44.2,High,normal
STU1273,5,4.7,82.4,45.3,54.1,61.2,70.5,43.0,13.9,5.9,4,40.4,High,normal
STU1274,6,8.25,75.0,65.9,68.0,81.1,76.0,67.5,15.5,9.1,7,87.9,Low,normal
STU1275,5,7.55,91.5,63.8,92.9,91.3,79.3,66.3,13.6,,2,82.5,Low,normal
STU1276,4,7.09,92.6,62.8,46.7,62.6,73.4,51.6,9.1,7.1,2,56.9,Medium,normal
STU1277,6,8.23,93.0,70.1,77.3,72.9,69.9,91.3,13.2,8.4,3,84.5,Low,normal
STU1278,4,7.73,55.4,60.7,54.1,51.6,53.3,46.6,0.7,3.4,4,60.8,Low,normal
STU1279,6,10.0,71.3,65.8,55.9,96.9,77.0,83.1,9.2,5.7,2,76.2,Low,normal
STU1280,4,5.92,72.8,56.7,43.5,59.8,73.3,44.8,8.3,3.0,3,42.9,High,normal
STU1281,3,7.49,81.2,72.2,47.6,92.5,51.6,71.4,9.5,6.3,0,57.6,Medium,normal
STU1282,6,6.22,67.0,38.5,41.5,50.9,63.8,62.8,12.6,3.8,2,70.0,Low,normal
STU1283,5,6.3,65.2,49.3,45.5,48.4,58.0,41.2,14.8,4.9,4,40.8,High,normal
STU1284,6,8.8,76.7,69.6,88.6,82.4,90.7,80.0,17.5,6.8,3,97.8,Low,normal
STU1285,6,6.19,59.8,52.0,34.1,72.0,67.8,70.8,12.7,5.8,5,47.8,Medium,normal
STU1286,3,8.37,85.1,70.1,81.7,71.3,65.5,67.8,,3.4,1,84.8,Low,normal
STU1287,5,7.62,79.2,70.9,74.6,79.1,87.7,57.4,6.5,6.2,3,77.9,Low,normal
STU1288,4,8.4,68.3,89.5,86.3,70.8,91.4,59.9,11.4,6.4,1,86.9,Low,normal
STU1289,5,8.37,69.6,69.2,66.3,73.9,80.2,52.9,6.6,3.4,5,75.8,Low,normal
STU1290,6,7.52,84.1,64.1,54.4,70.2,78.7,71.6,16.0,7.1,1,57.8,Medium,normal
STU1291,4,8.61,72.1,62.5,52.7,69.2,67.1,77.9,5.5,4.5,7,61.3,Low,normal
STU1292,5,8.15,88.6,95.6,76.1,87.0,86.9,78.7,16.0,7.3,2,75.0,Low,normal
STU1293,5,6.2,72.2,35.8,47.7,52.6,49.7,27.8,9.8,5.9,2,52.3,Medium,normal
STU1294,3,7.42,87.0,50.9,69.8,72.9,72.6,65.7,8.7,3.1,2,57.1,Medium,normal
STU1295,6,6.09,46.0,61.2,40.8,65.3,42.7,20.4,10.4,4.3,5,32.5,High,normal
STU1296,5,9.25,90.3,89.3,96.0,80.0,68.6,63.3,17.1,6.6,1,88.3,Low,normal
STU1297,6,8.4,74.8,76.4,58.1,73.1,80.2,67.4,14.9,5.6,5,54.9,Medium,normal
STU1298,4,8.51,87.3,99.3,88.2,75.2,87.2,76.0,18.2,6.0,1,90.4,Low,normal
STU1299,3,5.33,90.3,60.3,65.1,71.7,79.4,57.9,14.8,,1,55.6,Medium,normal
STU1300,5,4.32,59.1,25.4,8.4,34.3,43.6,26.7,8.5,3.2,3,21.8,High,normal
STU1301,3,10.0,85.2,85.3,85.9,89.4,84.9,100.0,14.2,5.8,4,73.6,Low,normal
STU1302,6,7.1,53.9,52.3,63.0,64.2,32.7,59.5,4.5,1.8,7,72.4,Low,normal
STU1303,3,7.95,87.5,86.3,45.9,53.4,81.8,81.1,12.8,6.6,2,60.1,Low,normal
STU1304,6,7.1,74.3,75.8,85.9,78.1,90.4,74.5,9.9,3.6,2,74.7,Low,normal
STU1305,5,4.2,59.6,81.94304720348727,33.31885775110651,42.468385098026005,65.2,9.4,,,2,51.3,Medium,sudden_decline
STU1306,4,5.24,50.2,56.8,52.1,52.5,43.8,,7.2,5.0,4,42.9,High,normal
STU1307,3,6.64,57.8,50.6,45.2,46.8,46.8,75.3,7.2,2.1,4,68.2,Low,normal
STU1308,5,5.81,84.9,32.8,16.0,62.4,67.6,31.2,12.8,2.7,6,42.9,High,normal
STU1309,5,7.51,67.0,60.8,64.9,73.7,56.5,48.2,8.2,4.8,5,58.2,Medium,normal
STU1310,4,5.57,70.0,48.7,51.7,70.9,56.5,54.5,13.1,5.5,2,56.6,Medium,normal
STU1311,6,8.03,83.0,79.6,78.7,86.7,80.8,67.3,17.3,6.6,5,75.9,Low,normal
STU1312,4,5.91,65.4,61.3,62.1,46.2,64.1,35.4,12.4,2.7,2,56.0,Medium,normal
STU1313,4,6.94,69.7,54.8,61.5,54.2,70.9,45.7,14.7,4.4,5,66.3,Low,normal
STU1314,5,6.26,80.9,54.9,71.9,65.3,69.7,65.6,8.5,4.1,2,62.5,Low,normal
STU1315,3,8.14,71.0,62.6,62.3,54.9,62.1,,11.9,5.1,2,69.0,Low,normal
STU1316,6,8.09,63.0,63.6,47.7,72.5,59.9,34.7,6.2,,2,62.1,Low,normal
STU1317,4,7.09,75.9,63.8,65.2,70.3,80.4,47.3,12.5,5.8,0,66.3,Low,normal
STU1318,3,4.48,59.6,11.8,25.4,47.1,73.0,55.3,8.2,6.5,8,29.3,High,normal
STU1319,4,7.76,80.5,73.9,80.6,90.8,66.7,61.6,9.7,4.6,2,72.8,Low,normal
STU1320,5,10.0,86.2,89.9,68.2,77.5,78.2,80.2,14.7,8.6,0,91.6,Low,normal
STU1321,5,8.96,76.1,89.4,88.1,89.3,79.4,70.7,14.8,10.0,0,95.4,Low,normal
STU1322,5,9.24,89.8,66.6,89.0,91.4,81.0,71.8,13.3,7.8,2,75.4,Low,normal
STU1323,3,3.49,37.2,18.0,15.6,41.3,44.3,41.9,7.5,0.0,5,24.1,High,normal
STU1324,4,7.55,100.0,81.8,89.5,79.0,66.4,64.1,15.3,7.7,2,76.9,Low,normal
STU1325,6,5.81,46.1,48.6,47.9,40.4,52.9,47.7,6.5,1.1,4,54.4,Medium,normal
STU1326,3,6.62,72.4,61.7,71.1,63.5,75.6,41.1,12.2,4.9,0,62.6,Low,normal
STU1327,6,9.42,88.0,100.0,83.7,100.0,69.0,100.0,15.0,9.7,1,100.0,Low,normal
STU1328,3,5.93,43.61865455669482,76.05749197768006,81.93230137079324,97.97083230431697,62.6,47.1,11.4,2.8,2,69.2,Low,low_attendance_high_performance
STU1329,6,5.56,66.1,70.4,55.8,57.2,63.5,42.7,9.5,5.3,5,66.4,Low,normal
STU1330,4,9.22,95.7,77.7,61.7,80.5,89.8,68.8,21.2,6.7,2,72.2,Low,normal
STU1331,5,8.84,84.9,53.5,61.1,78.0,73.0,60.8,13.7,4.8,5,70.8,Low,normal
STU1332,3,5.18,86.3,36.1,36.8,54.6,73.9,27.4,13.9,7.8,7,49.3,Medium,normal
STU1333,3,8.63,100.0,76.1304599451623,40.430879385483735,41.283891018000006,98.6,44.1,15.1,8.5,2,46.3,Medium,sudden_decline
STU1334,3,7.16,45.7,54.1,56.4,42.6,45.7,51.5,5.7,1.9,6,54.9,Medium,normal
STU1335,3,6.23,48.4,92.06991610377061,97.69799396600672,23.6,30.6,92.6190920915638,3.5399544226830515,1.5054572058476947,8,85.1,Low,low_engagement_high_performance
STU1336,4,7.54,79.3,71.0,84.1,66.0,65.8,73.5,17.3,6.3,5,74.2,Low,normal
STU1337,5,8.31,87.3,64.8,59.7,86.0,88.5,62.1,10.6,9.5,2,67.4,Low,normal
STU1338,5,7.15,89.1,92.41687887130152,92.68115634894653,86.1,75.6,88.2581527438659,3.3359045435843484,1.8713968355516655,4,84.9,Low,low_engagement_high_performance
STU1339,6,8.6,88.4,95.0,100.0,96.8,94.2,82.2,19.7,10.0,3,86.1,Low,normal
STU1340,5,8.9,81.6,63.2,69.2,84.1,87.8,49.4,10.4,8.8,6,75.1,Low,normal
STU1341,5,8.04,73.5,51.4,65.5,59.3,45.8,55.2,10.0,6.9,4,58.9,Medium,normal
STU1342,4,6.2,57.5,54.7,57.0,62.5,58.0,19.8,7.9,5.4,4,45.1,Medium,normal
STU1343,4,5.98,69.8,28.6,13.8,51.4,59.9,45.6,12.2,6.4,5,45.2,Medium,normal
STU1344,4,6.07,75.9,45.1,53.4,81.0,64.5,59.2,11.8,4.7,7,55.7,Medium,normal
STU1345,6,5.04,48.2,37.1,41.4,46.3,44.9,32.7,6.3,1.9,7,44.4,High,normal
STU1346,3,6.21,97.1,51.1,50.8,77.3,96.2,50.5,14.6,8.5,4,42.5,High,normal
STU1347,3,7.03,62.3,60.6,47.6,69.6,76.7,53.8,13.2,5.5,3,64.7,Low,normal
STU1348,5,7.04,74.9,59.7,50.3,76.4,66.9,49.4,13.4,6.1,0,58.6,Medium,normal
STU1349,3,6.77,54.0,56.8,46.8,30.3,43.1,27.5,6.1,0.0,4,34.4,High,normal
STU1350,6,9.58,95.9,97.2,86.8,93.1,76.6,80.7,15.3,6.2,2,100.0,Low,normal
STU1351,6,4.75,72.2,35.6,51.5,52.5,68.0,30.8,13.2,3.6,2,52.9,Medium,normal
STU1352,3,6.74,73.2,42.1,71.8,56.4,63.2,69.7,8.6,4.8,6,64.8,Low,normal
STU1353,3,7.36,83.6,76.1,87.6,58.7,82.5,66.7,,5.5,5,87.5,Low,normal
STU1354,4,6.68,72.4,58.0,65.7,62.0,72.9,45.7,7.6,4.4,6,63.2,Low,normal
STU1355,5,6.07,49.6,46.1,35.3,52.1,33.6,69.8,1.9,6.6,4,42.8,High,normal
STU1356,4,4.7,54.2,48.5,35.3,35.2,58.2,43.9,4.2,6.0,5,40.6,High,normal
STU1357,5,5.58,41.3,54.8,45.0,23.3,45.0,0.0,0.0,2.0,7,34.2,High,normal
STU1358,5,7.36,42.64706183714525,85.55760160764197,85.45972342315685,90.73875915641844,78.0,60.3,17.4,10.0,2,80.1,Low,low_attendance_high_performance
STU1359,4,6.19,45.168646694652004,90.59917656386632,90.06986171145968,95.87452511091051,83.6,45.5,14.9,7.6,0,89.8,Low,low_attendance_high_performance
STU1360,3,7.82,79.8,89.0,80.2,69.7,68.5,51.2,15.1,3.9,2,68.9,Low,normal
STU1361,6,7.35,49.6,60.1,57.2,59.9,44.9,47.6,,0.9,5,63.9,Low,normal
STU1362,3,8.95,83.2,92.7,100.0,89.3,79.2,85.2,19.4,9.8,4,96.3,Low,normal
STU1363,6,8.32,83.8,74.3,55.4,68.3,67.2,60.8,13.5,3.0,3,64.7,Low,normal
STU1364,4,8.19,54.1,54.6,61.0,45.6,67.0,62.4,8.4,2.7,1,54.3,Medium,normal
STU1365,5,6.27,90.19810696827616,49.91049190426721,38.337670975918634,24.5,49.5,39.567180016709344,6.4,0.0,7,31.7,High,high_attendance_low_performance
STU1366,6,9.72,87.7,99.2,86.7,100.0,94.7,93.9,15.5,8.6,3,82.2,Low,normal
STU1367,6,5.3,62.4,47.7,45.4,58.6,46.5,39.7,16.7,5.3,7,49.3,Medium,normal
STU1368,4,7.74,54.7,57.0,67.3,35.3,38.0,70.7,7.7,1.7,8,68.7,Low,normal
STU1369,3,9.21,89.4,88.4,94.1,90.8,100.0,77.9,14.3,8.7,2,100.0,Low,normal
STU1370,6,6.86,80.1,69.2,73.2,77.7,96.4,66.6,11.3,9.8,0,67.4,Low,normal
STU1371,4,6.8,31.4,50.5,47.7,39.4,33.5,22.5,2.9,0.6,8,51.6,Medium,normal
STU1372,3,7.33,91.08959759915642,36.65224041073008,42.485577854663674,77.9,75.1,30.6119119267155,17.1,10.0,0,47.6,Medium,high_attendance_low_performance
STU1373,6,4.49,77.5,31.1,21.1,59.7,89.7,33.1,17.5,6.8,4,31.6,High,normal
STU1374,3,8.03,81.6,63.3,50.5,79.9,78.2,96.3,9.7,7.0,2,62.4,Low,normal
STU1375,3,8.01,95.53994362321126,45.582563586104776,47.034068683928844,82.9,93.4,22.20121870502204,16.2,6.2,0,42.9,High,high_attendance_low_performance
STU1376,3,5.16,70.7,48.2,48.6,53.3,59.9,49.4,4.6,6.7,4,44.6,High,normal
STU1377,5,6.39,68.1,52.2,50.2,56.1,56.1,55.4,11.9,6.5,3,52.3,Medium,normal
STU1378,5,7.5,65.6,64.3,66.1,69.4,60.6,42.1,9.4,6.7,6,61.0,Low,normal
STU1379,4,6.95,71.2,79.6,68.9,71.6,73.4,69.4,15.9,4.7,2,67.6,Low,normal
STU1380,4,7.49,86.0,55.1,61.6,62.0,61.4,55.2,6.1,3.2,6,56.0,Medium,normal
STU1381,4,8.12,92.6,94.8,85.2,83.6,75.8,72.8,18.8,7.2,3,67.3,Low,normal
STU1382,5,8.87,69.2,74.8,86.6,68.9,50.7,74.5,5.6,2.4,3,77.6,Low,normal
STU1383,3,6.23,59.1759019044332,83.99816938070134,83.71401292370754,93.75916272845409,41.9,38.1,2.6,2.2,4,96.3,Low,low_attendance_high_performance
STU1384,6,7.01,92.32533789060469,47.010550810497584,31.931615061003402,72.6,65.0,26.425529972860097,6.7,5.8,3,36.0,High,high_attendance_low_performance
STU1385,3,5.97,58.0,60.5,59.1,47.5,70.6,69.8,9.8,7.1,6,62.5,Low,normal
STU1386,6,7.98,73.0,78.7,67.3,66.3,66.4,53.3,8.9,5.8,6,80.7,Low,normal
STU1387,3,5.95,53.5,55.1,32.2,51.9,69.3,34.3,3.5,3.2,3,46.0,Medium,normal
STU1388,6,8.75,92.3,95.6,72.0,73.7,72.6,100.0,16.1,7.2,2,97.3,Low,normal
STU1389,3,6.71,44.8,58.2,42.5,36.3,68.7,58.5,7.2,0.2,6,69.7,Low,normal
STU1390,3,5.76,89.6,55.9,40.3,61.4,93.3,39.3,13.0,5.7,4,74.7,Low,normal
STU1391,6,9.02,88.2,87.5,82.9,60.4,81.0,78.7,13.5,6.6,2,74.5,Low,normal
STU1392,6,8.07,75.2,62.7,59.6,57.4,58.0,57.1,17.3,3.7,3,57.7,Medium,normal
STU1393,4,9.82,85.6,77.1,81.9,90.7,82.9,56.5,15.4,5.2,5,79.7,Low,normal
STU1394,5,6.84,76.7,66.2,79.2,69.5,73.6,77.5,16.4,5.9,2,75.1,Low,normal
STU1395,5,6.71,77.8,68.3,59.4,77.4,61.3,41.0,12.6,5.5,1,77.5,Low,normal
STU1396,6,6.96,68.1,61.3,73.9,39.4,56.4,76.5,4.4,2.5,7,67.8,Low,normal
STU1397,4,6.35,63.4,61.4,47.6,63.0,57.8,52.9,11.9,2.9,6,47.3,Medium,normal
STU1398,5,7.19,66.4,53.8,61.0,76.3,70.6,89.5,10.9,6.1,0,64.8,Low,normal
STU1399,4,7.73,82.2,63.5,54.1,54.3,70.9,39.6,,6.6,1,63.7,Low,normal
STU1400,4,3.57,60.5,25.2,35.6,49.5,44.9,41.7,8.5,3.7,2,25.8,High,normal
STU1401,6,8.08,70.2,69.9,55.3,87.8,95.7,85.8,7.3,5.0,1,75.5,Low,normal
STU1402,3,9.42,82.2,62.1,54.9,64.7,81.0,79.8,11.0,8.4,1,64.8,Low,normal
STU1403,3,7.47,83.5,81.8,79.4,84.0,92.4,85.1,19.1,7.5,0,70.7,Low,normal
STU1404,5,5.43,44.7,55.8,58.0,44.2,43.6,31.2,3.4,0.5,3,40.7,High,normal
STU1405,5,7.55,73.0,64.9,65.5,62.0,75.9,43.8,10.3,7.0,2,70.5,Low,normal
STU1406,3,4.73,68.4,63.1,44.3,47.9,68.2,55.3,11.6,5.9,5,57.0,Medium,normal
STU1407,4,6.72,60.1,69.6,45.5,61.0,68.6,55.5,8.1,3.8,4,59.3,Medium,normal
STU1408,6,4.77,54.1,20.7,43.7,63.6,54.6,25.5,,1.6,5,47.2,Medium,normal
STU1409,3,7.81,71.3,35.67749579333823,72.38578836910058,63.7,71.4,76.70747635252006,11.3,4.1,2,71.2,Low,sudden_improvement
STU1410,5,6.29,53.1,43.9,27.9,58.0,45.3,43.0,6.2,5.2,4,47.0,Medium,normal
STU1411,5,8.63,92.1,91.1,100.0,83.5,91.3,69.6,15.6,6.3,2,91.5,Low,normal
STU1412,4,9.88,99.8,80.0,95.7,90.8,82.3,84.5,16.8,7.0,2,94.6,Low,normal
STU1413,6,5.05,73.9,39.7,55.4,61.7,63.0,39.6,14.2,5.2,3,51.4,Medium,normal
STU1414,5,6.49,75.2,68.1,56.5,75.6,88.3,53.3,14.0,7.8,1,49.4,Medium,normal
STU1415,4,6.89,88.3,81.3,53.1,69.7,87.7,69.3,,4.0,4,78.0,Low,normal
STU1416,5,5.19,57.4,60.1,50.9,54.7,46.7,37.2,5.7,2.7,3,54.7,Medium,normal
STU1417,5,9.47,80.6,75.5,83.0,100.0,79.5,70.1,16.8,4.2,7,73.7,Low,normal
STU1418,5,8.57,80.2,78.5,93.5,96.9,89.8,87.8,17.3,8.2,1,100.0,Low,normal
STU1419,6,6.58,82.6,31.9,56.9,56.4,77.5,60.2,13.6,5.0,1,53.0,Medium,normal
STU1420,4,6.67,63.2,69.1,37.9,54.1,61.7,53.3,9.7,2.3,3,54.8,Medium,normal
STU1421,4,6.59,51.8,50.0,62.0,81.9,51.3,,12.0,5.2,7,68.8,Low,normal
STU1422,3,8.73,59.1,63.8,51.9,68.3,68.8,58.5,11.5,4.4,6,66.8,Low,normal
STU1423,3,7.77,84.3,85.7,86.5,71.9,92.1,66.5,16.2,7.6,2,93.0,Low,normal
STU1424,3,9.5,90.87497093408896,64.3,70.1,39.55640215019216,42.12107934112427,74.9,13.2,7.1,10,43.3,High,assignment_problem
STU1425,6,6.15,40.8,60.5,35.5,21.2,42.8,44.1,7.9,2.7,1,60.4,Low,normal
STU1426,5,6.93,57.8,53.8,44.7,57.4,54.3,47.8,9.1,1.0,7,46.6,Medium,normal
STU1427,5,9.97,51.267626412539954,89.39506455179713,87.98001357214339,85.05294950659246,98.0,88.3,14.6,8.1,2,79.0,Low,low_attendance_high_performance
STU1428,5,6.08,48.4,57.7,55.3,48.6,42.8,50.7,5.3,2.3,2,37.4,High,normal
STU1429,6,6.44,84.2,43.2,37.1,60.8,80.6,25.0,16.8,6.3,3,43.0,High,normal
STU1430,4,5.11,58.2,94.30843843617725,48.275512966520346,36.89423521934222,53.3,66.2,6.7,2.3,6,46.6,Medium,sudden_decline
STU1431,6,6.08,51.0,90.29901226321117,54.25957850117599,53.55226523631952,49.2,39.1,3.4,4.3,5,39.9,High,sudden_decline
STU1432,4,7.7,83.0,44.4,74.8,77.6,76.8,74.3,16.0,6.6,0,72.1,Low,normal
STU1433,6,5.37,64.0,53.2,56.0,55.1,77.1,67.3,14.9,5.8,3,58.9,Medium,normal
STU1434,5,6.25,44.197708835116764,86.70617591319483,96.27873410426072,88.07556617671626,66.4,66.2,17.2,8.9,2,83.2,Low,low_attendance_high_performance
STU1435,4,6.72,74.6,68.8,81.0,59.0,47.8,59.4,10.9,6.6,1,62.3,Low,normal
STU1436,5,8.6,92.4453476720631,63.9,64.7,39.878265925086836,36.82337194608768,74.2,14.5,8.8,7,52.7,Medium,assignment_problem
STU1437,5,7.23,88.0,70.6,57.3,86.5,67.8,55.2,15.8,5.8,5,64.5,Low,normal
STU1438,3,4.37,48.0,30.0,24.6,34.1,51.2,47.1,6.3,4.2,4,44.7,High,normal
STU1439,5,8.11,93.7,72.2,57.6,75.1,92.5,59.1,15.3,4.6,3,71.5,Low,normal
STU1440,4,6.7,71.6,61.8,84.8,48.4,75.5,51.3,10.9,4.6,2,74.0,Low,normal
STU1441,3,7.52,43.0,63.7,70.8,64.9,62.2,53.1,8.6,4.5,3,68.8,Low,normal
STU1442,6,8.1,70.3,60.3,91.0,72.9,72.7,65.6,15.2,4.9,2,72.8,Low,normal
STU1443,5,5.18,71.1,78.44066295001758,88.32953617838051,62.7,59.6,85.77880617654242,1.673385110631397,2.1606062382637288,1,90.6,Low,low_engagement_high_performance
STU1444,6,9.73,70.8,40.3,66.8,79.3,58.5,85.3,11.5,7.4,0,84.9,Low,normal
STU1445,5,3.89,71.6,38.7,27.8,41.6,59.2,42.6,17.6,7.5,0,34.3,High,normal
STU1446,4,6.66,87.3,67.8,78.2,69.3,63.8,69.6,13.1,3.2,7,67.9,Low,normal
STU1447,5,6.07,69.0,51.5,42.5,78.5,57.0,51.6,13.0,6.7,3,55.8,Medium,normal
STU1448,5,3.91,71.5,38.8,4.4,35.9,79.2,43.4,8.6,4.7,4,32.5,High,normal
STU1449,6,6.01,69.2,54.5,32.9,65.9,32.6,32.2,7.0,4.8,7,53.9,Medium,normal
STU1450,4,7.47,67.6,63.2,47.8,57.0,70.1,81.8,10.1,2.3,3,64.4,Low,normal
STU1451,6,7.14,65.9,54.1,75.0,56.9,84.8,59.9,11.0,7.1,6,65.3,Low,normal
STU1452,6,5.84,67.3,57.4,72.6,56.9,59.6,65.5,8.3,4.9,3,71.3,Low,normal
STU1453,5,6.5,49.9,40.6,29.6,74.6,44.2,47.6,7.0,0.0,6,50.7,Medium,normal
STU1454,6,7.04,96.1,59.9,77.8,54.7,67.4,62.3,15.1,5.8,1,65.9,Low,normal
STU1455,4,8.69,77.3,89.9,92.7,79.2,77.8,87.4,9.1,3.7,0,78.1,Low,normal
STU1456,6,5.45,75.3,38.4,14.4,42.9,49.0,59.1,5.3,1.4,4,33.0,High,normal
STU1457,5,8.55,90.5,55.7,63.1,76.2,75.9,88.2,11.9,6.8,1,75.7,Low,normal
STU1458,3,7.39,54.5,40.7,42.3,60.2,46.4,64.2,8.0,3.7,6,43.7,High,normal
STU1459,6,9.62,96.03903870875389,42.79826155791834,37.88955825821645,81.2,99.5,,19.2,7.7,0,54.6,Medium,high_attendance_low_performance
STU1460,4,7.9,72.2,71.7,49.8,56.0,76.3,52.0,15.7,2.7,3,63.7,Low,normal
STU1461,4,8.02,73.0,45.1,51.7,59.9,63.4,59.8,11.3,5.2,4,41.1,High,normal
STU1462,5,7.33,80.8,72.0,60.2,59.0,72.0,51.5,,6.5,1,56.7,Medium,normal
STU1463,3,9.89,100.0,100.0,99.7,91.0,74.8,88.1,16.0,8.4,3,75.0,Low,normal
STU1464,4,6.85,68.5,86.0,69.2,62.3,59.7,67.4,12.6,6.5,3,69.0,Low,normal
STU1465,6,6.19,51.4,61.7,49.3,48.0,51.5,29.8,7.8,1.3,7,59.5,Medium,normal
STU1466,3,8.15,71.7,86.8,80.7,81.4,74.2,77.2,14.8,5.7,5,66.7,Low,normal
STU1467,4,6.62,56.9,32.5,63.5,29.4,37.8,53.8,4.8,2.7,4,41.9,High,normal
STU1468,3,6.77,84.8,93.3,74.7,73.8,76.9,66.3,12.9,5.6,2,75.8,Low,normal
STU1469,4,5.53,68.3,37.8,25.8,72.5,55.4,42.8,15.0,5.6,6,36.4,High,normal
STU1470,5,7.41,73.0,50.3,59.8,49.4,61.9,38.5,9.5,4.4,2,51.5,Medium,normal
STU1471,6,8.47,55.2,60.0,57.9,77.5,73.7,48.2,7.7,4.3,0,70.4,Low,normal
STU1472,6,5.47,77.3,87.14829600638835,33.63459137377149,52.91647359004614,53.4,56.2,16.4,5.3,6,50.2,Medium,sudden_decline
STU1473,5,5.85,65.1,68.1,74.0,43.7,58.6,41.0,4.1,4.4,3,47.3,Medium,normal
STU1474,4,7.38,85.0,63.2,56.2,50.6,67.7,61.0,1.1,6.9,1,47.9,Medium,normal
STU1475,6,9.02,65.2,77.9,66.0,72.5,71.0,56.3,14.7,5.5,1,92.1,Low,normal
STU1476,6,7.35,91.1,70.0,70.6,87.2,71.3,64.8,15.8,,2,84.9,Low,normal
STU1477,5,5.6,84.3,33.8,57.2,55.2,77.2,11.6,15.7,7.7,0,48.6,Medium,normal
STU1478,5,5.71,76.4,64.5,33.2,55.7,61.5,54.8,7.9,3.1,3,52.5,Medium,normal
STU1479,6,5.33,79.1,32.5,34.9,56.3,60.6,55.4,9.3,2.1,0,42.9,High,normal
STU1480,5,6.87,84.4,77.6,89.2,72.0,77.7,44.4,12.6,8.0,1,80.1,Low,normal
STU1481,4,5.98,74.1,52.3,41.1,33.6,47.7,23.0,9.3,4.6,4,38.8,High,normal
STU1482,5,7.22,90.6,87.7,71.2,86.4,91.3,81.9,20.3,8.0,1,78.8,Low,normal
STU1483,3,6.94,59.8,80.9,59.2,75.5,55.6,75.3,5.8,5.6,4,71.3,Low,normal
STU1484,4,8.59,80.1,96.4,83.8,76.0,95.2,69.1,14.4,6.1,5,95.5,Low,normal
STU1485,4,7.31,73.7,61.6,76.0,41.6,64.4,43.6,17.1,6.5,1,73.6,Low,normal
STU1486,3,6.83,79.1,44.7,44.0,66.1,66.6,45.3,14.7,5.3,6,64.5,Low,normal
STU1487,3,8.1,60.2,45.8,65.7,67.5,73.6,47.1,,6.7,0,64.1,Low,normal
STU1488,3,7.55,78.6,94.2,62.7,53.8,73.8,58.8,14.0,6.7,5,67.5,Low,normal
STU1489,5,9.63,75.0,76.1,62.7,61.4,54.4,71.9,13.7,4.9,3,60.7,Low,normal
STU1490,6,7.53,75.7,83.5,70.0,83.9,67.7,56.0,14.1,4.6,2,75.3,Low,normal
STU1491,6,10.0,85.8,81.5,100.0,80.5,87.1,74.6,16.4,10.0,5,96.0,Low,normal
STU1492,4,8.14,65.0,80.1,69.3,59.1,61.9,60.6,11.7,6.2,4,68.6,Low,normal
STU1493,5,8.24,94.7,59.3,65.9,70.5,88.0,63.9,9.4,5.2,3,65.5,Low,normal
STU1494,6,8.38,85.6,65.6,76.8,75.2,79.4,55.4,18.2,8.4,1,88.4,Low,normal
STU1495,3,6.27,77.8,51.9,63.3,63.9,68.4,53.7,16.6,5.8,4,66.5,Low,normal
STU1496,5,5.23,75.9,48.3,43.4,63.1,86.5,44.1,15.2,5.1,0,64.8,Low,normal
STU1497,6,8.79,91.5,83.0,87.7,72.1,100.0,80.7,14.8,8.3,3,78.9,Low,normal
STU1498,3,6.09,85.5,59.9,49.0,59.4,73.8,64.8,7.3,4.3,2,54.8,Medium,normal
STU1499,6,6.28,88.4,71.5,88.0,74.8,85.6,53.6,14.2,9.3,1,86.1,Low,normal
STU1500,6,4.39,84.6,39.9,29.9,55.5,88.8,45.2,8.9,6.8,3,45.0,Medium,normal
STU1501,3,6.77,86.4,56.6,50.1,69.5,70.5,48.2,9.6,6.2,2,57.0,Medium,normal
STU1502,3,8.58,76.8,70.9,80.5,97.2,85.8,87.7,13.2,6.1,2,79.5,Low,normal
STU1503,3,9.8,77.6,100.0,96.7,99.0,73.5,76.2,13.8,8.9,2,95.3,Low,normal
STU1504,4,8.04,80.3,74.0,75.8,84.5,85.5,71.0,14.6,6.2,4,85.9,Low,normal
STU1505,5,7.86,68.5,43.1,56.2,62.4,64.7,55.7,10.4,8.2,4,61.0,Low,normal
STU1506,5,7.71,87.4,68.1,58.8,77.2,85.6,56.1,11.6,8.1,5,77.1,Low,normal
STU1507,4,7.15,68.8,65.6,80.1,58.8,73.4,70.4,4.3,4.7,4,74.0,Low,normal
STU1508,6,7.48,96.2,88.4,85.7,82.9,83.5,57.6,12.2,5.9,1,74.6,Low,normal
STU1509,4,7.32,40.471337221613204,78.80348451990554,80.57474603336209,93.16533197958711,61.4,24.1,6.8,4.0,2,73.3,Low,low_attendance_high_performance
STU1510,3,6.65,72.4,48.6,46.6,65.9,75.3,18.2,8.9,6.8,1,51.5,Medium,normal
STU1511,4,5.95,49.7,76.7,61.7,55.7,58.7,37.0,8.1,2.9,7,45.7,Medium,normal
STU1512,5,3.63,65.8,86.72380190029025,98.85066999976722,39.5,45.7,83.6667940886923,0.0003730720849715041,0.005303802572368066,2,79.9,Low,low_engagement_high_performance
STU1513,4,6.87,66.0,69.4,69.3,81.8,62.8,67.0,5.9,1.0,5,78.8,Low,normal
STU1514,4,8.74,72.3,67.6,88.1,74.4,94.4,65.5,15.1,5.8,1,81.7,Low,normal
STU1515,3,8.24,99.0,56.4,74.8,77.0,82.5,70.9,13.1,6.6,0,72.5,Low,normal
STU1516,6,7.43,88.6,65.9,58.9,89.7,84.9,69.4,16.3,8.2,1,90.5,Low,normal
STU1517,6,5.89,73.8,25.3,63.5,55.9,67.8,36.8,7.5,4.3,5,45.3,Medium,normal
STU1518,4,7.05,74.5,66.6,54.4,45.6,43.1,29.1,4.7,0.5,7,45.2,Medium,normal
STU1519,4,10.0,94.2,90.8,83.8,76.5,78.9,95.5,13.9,8.1,2,100.0,Low,normal
STU1520,5,5.05,58.0,38.4,43.5,50.0,58.8,48.7,8.2,2.1,4,51.9,Medium,normal
STU1521,5,9.37,85.3,85.2,65.8,86.3,72.5,78.9,16.4,4.7,5,80.3,Low,normal
STU1522,4,4.75,58.3,47.3,52.2,40.8,64.6,24.4,11.0,1.5,4,53.2,Medium,normal
STU1523,6,8.58,69.5,73.0,50.9,74.9,79.2,63.0,10.3,7.7,5,71.5,Low,normal
STU1524,5,8.99,82.6,91.5,81.5,62.7,84.9,46.8,13.8,5.5,0,72.7,Low,normal
STU1525,4,9.33,67.5,72.3,75.9,67.2,77.7,80.3,8.6,4.9,5,58.5,Medium,normal
STU1526,5,6.65,62.0,62.1,76.9,64.4,50.4,69.0,5.5,3.6,1,64.3,Low,normal
STU1527,6,8.49,75.9,75.6,70.3,59.7,75.4,46.2,13.5,3.7,1,80.9,Low,normal
STU1528,6,6.91,60.8,68.1,66.9,42.4,73.3,74.5,7.3,3.2,2,62.1,Low,normal
STU1529,3,6.76,60.7,50.9,45.4,47.0,48.3,,11.4,1.3,3,53.7,Medium,normal
STU1530,4,8.54,69.4,91.4,75.3,76.2,77.7,71.0,6.8,6.5,7,79.0,Low,normal
STU1531,4,7.45,90.73954292261152,46.36818265237878,35.25160706594708,84.8,66.6,49.31239323631091,15.5,6.7,3,58.6,Medium,high_attendance_low_performance
STU1532,4,6.55,61.3,52.4,54.1,59.6,59.2,41.5,8.9,9.3,4,54.5,Medium,normal
STU1533,5,5.67,72.5,41.1,15.8,56.5,87.9,31.4,,3.9,0,44.8,High,normal
STU1534,6,6.32,68.1,46.8,39.3,62.7,61.9,28.9,11.5,3.2,2,44.7,High,normal
STU1535,5,7.09,75.1,74.9,73.3,84.4,68.7,30.8,10.9,8.3,3,68.0,Low,normal
STU1536,6,7.28,81.4,65.0,67.4,73.6,91.4,55.5,12.8,8.4,2,75.4,Low,normal
STU1537,4,7.49,74.6,76.9,78.6,66.3,95.2,68.5,13.2,8.1,4,78.2,Low,normal
STU1538,6,5.63,90.75238699352272,73.5,56.0,41.245149526090486,46.571238030136605,57.3,20.0,5.5,8,52.8,Medium,assignment_problem
STU1539,6,10.0,90.2,81.6,75.6,76.1,77.8,81.4,13.0,9.5,4,89.4,Low,normal
STU1540,4,7.71,74.1,57.0,54.5,58.1,64.0,61.1,10.7,4.5,3,56.2,Medium,normal
STU1541,5,4.94,63.7,49.5,32.7,37.4,53.0,20.7,5.8,1.8,4,35.9,High,normal
STU1542,3,8.89,84.0,66.3,73.2,75.8,85.5,65.5,14.9,8.4,1,79.6,Low,normal
STU1543,6,8.06,88.4,72.4,81.6,83.3,77.6,63.1,,6.8,1,91.4,Low,normal
STU1544,5,7.68,72.8,65.7,57.6,70.1,72.2,40.2,10.0,2.5,3,59.7,Medium,normal
STU1545,4,6.55,82.58694313452578,61.9,39.2,25.583938360289856,56.369573795072235,40.3,6.2,1.8,7,54.4,Medium,assignment_problem
STU1546,5,8.99,42.86511380179079,83.43845699356459,97.39776276568075,90.19857177537355,89.6,70.2,10.7,4.8,1,69.9,Low,low_attendance_high_performance
STU1547,5,4.81,45.7,39.8,67.8,45.1,52.7,35.4,9.2,0.0,5,42.5,High,normal
STU1548,3,7.27,70.1,70.1,50.2,67.6,39.8,55.3,10.4,1.2,7,50.5,Medium,normal
STU1549,3,6.78,63.5,66.1,63.1,73.9,78.9,74.1,16.1,5.8,1,70.1,Low,normal
STU1550,4,6.48,66.5,51.7,58.3,58.5,53.8,46.8,10.3,2.9,4,65.1,Low,normal
STU1551,5,8.82,66.5,86.3,79.5,60.4,54.0,,0.0,4.3,2,71.4,Low,normal
STU1552,6,8.03,72.5,69.4,77.6,71.6,77.9,76.7,12.8,4.0,3,80.6,Low,normal
STU1553,6,5.38,59.7,45.8,34.5,39.8,59.7,41.2,7.3,4.2,3,49.8,Medium,normal
STU1554,5,5.69,55.6,42.5,38.4,32.8,44.1,39.9,5.8,1.1,5,48.4,Medium,normal
STU1555,6,9.0,75.5,92.27570273090396,53.42209997126378,31.982737186874132,77.0,74.5,,7.0,5,38.9,High,sudden_decline
STU1556,4,8.31,88.6,83.8,74.5,69.9,89.6,74.6,17.1,5.2,0,72.3,Low,normal
STU1557,5,8.53,77.6460756530379,78.1,76.1,31.737940324114444,30.01838681415818,67.9,7.7,2.0,6,45.2,Medium,assignment_problem
STU1558,3,7.7,86.3,58.9,83.0,87.9,62.1,100.0,13.2,7.9,1,88.6,Low,normal
STU1559,4,5.76,81.2,27.474763417217567,77.4518275823113,43.0,47.0,89.98031204207534,13.3,3.5,6,65.3,Low,sudden_improvement
STU1560,5,7.52,51.5,40.7,40.3,53.8,56.9,36.4,4.4,5.0,6,41.5,High,normal
STU1561,3,7.41,47.5,66.8,67.3,47.6,58.9,62.4,10.8,3.6,3,81.0,Low,normal
STU1562,5,7.74,79.1,69.6,90.2,73.8,84.6,80.8,12.0,7.7,1,74.6,Low,normal
STU1563,6,4.48,63.7,35.2,50.2,29.9,70.4,,11.3,5.9,3,53.4,Medium,normal
STU1564,4,7.29,95.31221245848232,45.75774853962413,36.00836415409639,84.7,73.6,46.43487034068396,11.6,7.5,4,37.4,High,high_attendance_low_performance
STU1565,4,4.93,61.3,83.10079232681012,50.88041483173566,42.15623584373628,48.9,53.0,13.6,5.0,3,50.0,Medium,sudden_decline
STU1566,6,8.88,62.1,73.5,72.9,72.5,69.4,48.8,12.4,5.9,1,68.0,Low,normal
STU1567,6,8.01,86.6,46.9,45.9,60.1,85.1,73.2,15.2,6.1,2,58.5,Medium,normal
STU1568,4,7.92,86.3,95.1,86.9,91.5,59.0,87.6,12.1,5.2,2,84.5,Low,normal
STU1569,4,7.93,58.0,74.7,80.3,86.4,60.9,49.9,4.5,4.7,4,81.6,Low,normal
STU1570,5,6.61,76.6,79.1,60.8,57.6,81.0,68.1,14.4,4.2,5,57.3,Medium,normal
STU1571,5,6.82,100.0,70.9,68.1,55.1,63.1,56.6,15.5,7.7,2,55.6,Medium,normal
STU1572,3,8.58,95.2,81.6,92.3,93.5,84.9,69.4,16.2,9.3,6,90.3,Low,normal
STU1573,4,6.77,63.4,38.3,31.1,59.1,37.1,23.5,5.0,6.3,5,49.6,Medium,normal
STU1574,6,7.04,65.2,41.1,38.4,55.1,45.3,29.6,4.2,5.2,7,62.7,Low,normal
STU1575,5,7.68,87.9,94.5,88.3,78.1,81.5,82.1,19.6,7.2,1,76.2,Low,normal
STU1576,6,7.27,87.5,90.5,72.6,98.1,83.6,81.4,14.9,5.9,1,81.5,Low,normal
STU1577,6,8.77,90.7,75.5,71.0,87.2,86.9,74.1,12.3,5.6,1,90.8,Low,normal
STU1578,6,6.71,69.9,40.8,55.7,55.1,70.2,73.8,5.2,7.4,3,62.4,Low,normal
STU1579,3,6.98,84.3,57.2,66.4,67.1,60.6,65.7,12.9,6.1,2,65.3,Low,normal
STU1580,6,7.98,67.7,59.8,67.4,56.7,70.1,59.6,7.5,6.3,5,72.3,Low,normal
STU1581,3,9.76,100.0,79.7,72.5,100.0,87.1,68.5,14.6,7.6,3,81.4,Low,normal
STU1582,5,7.52,57.6,70.1,71.1,55.9,56.8,65.1,16.7,2.2,4,75.1,Low,normal
STU1583,4,6.8,59.8,67.9,50.4,66.7,74.2,59.9,6.0,2.2,4,49.8,Medium,normal
STU1584,4,5.18,84.0,66.3,40.9,63.2,67.3,59.5,14.5,7.0,1,45.9,Medium,normal
STU1585,6,4.91,46.5,42.6,29.7,33.6,53.1,43.6,10.4,2.1,6,36.4,High,normal
STU1586,6,9.18,85.5,66.4,91.4,66.8,78.2,63.1,17.3,6.9,0,64.2,Low,normal
STU1587,3,7.19,83.9,59.7,67.6,74.2,66.1,52.0,12.9,8.2,5,68.4,Low,normal
STU1588,5,7.38,93.0,94.9,79.8,90.4,91.2,44.1,14.5,7.4,3,66.5,Low,normal
STU1589,4,8.85,82.0,85.3,78.0,69.6,83.6,85.5,8.5,6.4,3,85.7,Low,normal
STU1590,4,4.33,69.9,49.8,39.7,38.8,75.8,38.6,10.8,6.2,5,47.1,Medium,normal
STU1591,6,5.22,82.2,66.5,64.2,77.9,95.6,,15.0,6.4,4,65.8,Low,normal
STU1592,4,4.95,55.7,46.2,25.9,25.0,58.2,19.3,,0.5,8,38.7,High,normal
STU1593,6,8.56,76.0,65.1,78.6,100.0,82.2,100.0,14.3,7.8,0,87.7,Low,normal
STU1594,3,8.2,90.73253329287199,68.8,67.7,47.747021055846304,37.05378127824057,51.9,13.8,6.8,7,32.0,High,assignment_problem
STU1595,5,5.24,55.4,43.8,25.0,39.3,59.2,48.4,7.0,5.7,4,56.3,Medium,normal
STU1596,5,6.54,92.3,92.36060266646093,45.64639584839458,36.8792709936093,90.4,56.8,13.1,5.5,2,43.4,High,sudden_decline
STU1597,4,5.86,70.8,56.4,58.1,51.1,80.0,48.6,14.2,5.0,2,65.3,Low,normal
STU1598,4,6.37,85.1,62.6,74.0,75.7,82.9,70.8,17.1,6.8,3,82.3,Low,normal
STU1599,6,9.31,83.2,82.8,77.5,87.4,94.1,65.9,12.8,6.5,0,89.8,Low,normal
STU1600,6,3.92,74.1,36.1,28.4,32.0,60.4,54.7,14.3,9.3,2,59.2,Medium,normal
STU1601,4,7.32,100.0,59.4,84.5,93.3,82.7,66.8,12.9,9.0,0,81.6,Low,normal
STU1602,5,5.59,90.8,56.2,51.5,71.9,68.7,44.3,17.9,5.7,1,61.2,Low,normal
STU1603,3,8.57,68.9,72.5,70.9,59.6,65.0,57.5,13.1,7.2,0,68.3,Low,normal
STU1604,3,8.33,86.6,84.5,69.8,61.9,78.9,68.5,7.2,2.4,2,73.7,Low,normal
STU1605,4,8.77,100.0,95.2,94.8,100.0,100.0,96.2,16.9,10.0,3,91.3,Low,normal
STU1606,3,5.23,66.2,80.81176932864776,76.779236976764,56.5,68.1,94.25364550068701,0.8943308309464508,0.7774154616573381,4,86.7,Low,low_engagement_high_performance
STU1607,6,9.97,90.5,83.9,66.5,97.6,85.6,67.7,16.3,,1,77.8,Low,normal
STU1608,5,6.59,66.8,55.1,51.0,49.9,51.6,49.3,8.1,1.3,4,55.0,Medium,normal
STU1609,6,8.93,100.0,89.8,99.5,89.4,77.2,88.3,14.0,5.5,0,98.3,Low,normal
STU1610,5,6.2,76.7,42.6,77.0,77.2,68.4,45.4,11.9,8.2,2,67.2,Low,normal
STU1611,6,3.93,79.96665101554738,41.4,34.5,20.53471511780276,53.49105750524372,41.3,7.9,2.9,8,56.3,Medium,assignment_problem
STU1612,5,7.59,66.4,60.6,66.1,80.1,73.6,60.5,8.3,3.9,6,73.3,Low,normal
STU1613,5,7.48,61.4,80.5,95.6,61.8,75.7,60.0,14.8,7.9,2,78.7,Low,normal
STU1614,6,7.81,80.2,57.2,67.2,56.2,43.0,77.7,5.8,6.9,3,45.0,Medium,normal
STU1615,5,5.07,71.5,59.0,50.4,60.7,71.1,51.3,14.2,7.9,3,49.4,Medium,normal
STU1616,3,5.12,77.3,38.5,38.9,60.1,63.1,57.6,12.7,,1,62.4,Low,normal
STU1617,5,6.33,33.3,64.6,63.1,53.6,17.4,58.0,7.1,4.1,9,67.2,Low,normal
STU1618,6,7.99,80.5,76.9,61.4,59.4,87.0,51.5,17.6,4.2,2,75.4,Low,normal
STU1619,6,6.95,79.0,68.5,75.1,77.8,68.9,35.8,14.4,5.3,3,75.4,Low,normal
STU1620,5,5.44,59.6,37.7,42.6,39.6,59.3,50.7,10.8,4.6,6,39.7,High,normal
STU1621,5,6.37,83.5,43.2,51.6,57.8,87.6,33.0,10.0,8.9,1,54.7,Medium,normal
STU1622,6,8.02,81.6,77.5,73.2,91.5,84.0,50.3,11.0,7.6,0,88.0,Low,normal
STU1623,3,7.9,78.9,80.3785805201561,36.751651788795165,34.27303361876305,60.2,72.3,8.2,4.3,1,42.9,High,sudden_decline
STU1624,5,6.33,70.2,53.8,62.5,53.1,58.2,32.2,10.0,2.0,4,56.4,Medium,normal
STU1625,4,8.04,81.9,55.3,67.0,69.6,93.3,62.6,15.6,8.8,1,72.4,Low,normal
STU1626,5,9.27,82.8,72.7,71.4,69.0,80.4,96.3,16.9,6.2,0,92.6,Low,normal
STU1627,5,9.18,71.4,88.1,73.8,77.9,72.7,45.2,13.5,4.9,4,86.3,Low,normal
STU1628,3,6.86,79.9,57.4,54.1,54.2,69.3,32.9,9.9,3.6,2,62.9,Low,normal
STU1629,3,6.02,98.10064879716683,41.522972545202464,26.754741014439013,73.4,83.9,,15.2,7.8,1,22.9,High,high_attendance_low_performance
STU1630,5,8.68,64.2,82.7,60.4,69.7,59.7,54.9,8.4,4.1,6,66.1,Low,normal
STU1631,3,5.36,71.4,14.1,18.4,38.8,62.1,21.7,10.7,3.5,6,37.8,High,normal
STU1632,4,7.88,69.6,45.9,57.3,60.2,59.1,35.2,8.7,6.1,4,49.8,Medium,normal
STU1633,6,6.45,86.8,42.5,32.4,57.2,84.6,59.7,16.1,6.7,7,45.0,Medium,normal
STU1634,4,6.96,58.1,55.1,24.7,44.5,64.2,,6.1,3.5,5,35.5,High,normal
STU1635,4,5.73,48.9,46.4,12.0,28.6,49.4,39.7,3.3,0.5,7,44.1,High,normal
STU1636,6,10.0,88.9,75.5,65.6,78.5,69.4,77.5,11.8,6.8,1,76.6,Low,normal
STU1637,3,8.32,65.3,67.2,72.6,47.8,49.7,55.7,11.6,4.2,2,71.3,Low,normal
STU1638,4,9.31,85.0,77.7,80.9,87.3,70.5,87.9,10.9,,0,85.4,Low,normal
STU1639,5,5.02,43.5,58.7,50.9,37.6,47.7,29.7,6.9,2.2,5,69.4,Low,normal
STU1640,6,5.79,61.7,37.5,44.6,54.3,19.3,46.0,7.0,4.1,9,49.1,Medium,normal
STU1641,6,7.05,30.9,54.8,51.6,48.5,41.4,59.4,4.7,4.0,4,39.5,High,normal
STU1642,6,5.58,66.4,44.3,42.9,42.8,72.4,62.7,11.2,3.2,9,58.1,Medium,normal
STU1643,6,6.4,88.9,73.9,77.2,66.9,85.9,81.7,13.9,7.6,2,72.2,Low,normal
STU1644,3,4.58,57.5,40.0,41.1,47.7,59.5,41.1,10.0,6.3,2,43.9,High,normal
STU1645,3,8.49,97.6,86.3,100.0,100.0,88.3,95.4,17.7,8.3,2,89.9,Low,normal
STU1646,4,5.54,66.6,41.9,41.3,44.7,73.6,0.0,11.3,5.7,3,44.4,High,normal
STU1647,3,10.0,81.3,85.2,75.3,79.4,91.6,93.3,14.8,7.2,6,87.5,Low,normal
STU1648,5,6.64,65.3,55.0,38.9,61.0,47.8,32.5,7.3,1.6,5,44.2,High,normal
STU1649,5,6.81,73.3,55.9,43.6,63.9,63.7,45.9,8.1,4.9,4,51.6,Medium,normal
STU1650,3,4.74,50.9,38.1,49.9,65.6,54.2,42.5,9.9,6.3,6,47.4,Medium,normal
STU1651,6,7.91,74.5,77.3,75.5,94.4,69.4,74.0,14.6,5.4,3,60.8,Low,normal
STU1652,3,6.89,93.1,65.6,56.0,64.4,80.2,62.7,15.3,8.6,0,57.6,Medium,normal
STU1653,4,6.67,93.8,62.3,63.7,82.4,86.1,73.9,19.2,9.6,0,86.1,Low,normal
STU1654,5,7.42,83.3,66.5,64.4,82.0,53.7,58.4,12.3,6.4,5,72.3,Low,normal
STU1655,4,9.15,100.0,81.2,85.2,99.8,92.6,63.0,12.6,9.8,0,85.1,Low,normal
STU1656,4,7.12,42.3,36.9,61.8,54.0,43.4,68.9,2.9,0.7,8,40.2,High,normal
STU1657,3,7.48,93.5,66.8,70.2,73.5,75.3,61.4,10.8,5.7,2,71.5,Low,normal
STU1658,4,7.7,83.7,74.6,73.6,74.2,73.2,90.9,14.6,7.4,0,87.6,Low,normal
STU1659,6,5.68,67.4,70.8,46.8,56.8,53.5,66.2,12.1,5.4,4,79.7,Low,normal
STU1660,6,6.48,75.7,59.4,52.4,63.7,81.8,38.5,15.5,,1,76.4,Low,normal
STU1661,4,8.14,62.7,60.0,78.9,61.9,70.0,80.1,14.5,4.2,2,67.8,Low,normal
STU1662,4,8.88,84.7,65.0,52.7,82.0,61.1,51.8,14.7,5.0,4,65.5,Low,normal
STU1663,5,5.9,61.4,46.0,65.1,40.5,31.3,43.1,5.2,0.0,4,40.1,High,normal
STU1664,6,5.67,54.89573351037055,75.22149564437454,83.83958805537485,97.94856629674977,56.9,32.5,6.1,2.1,3,81.4,Low,low_attendance_high_performance
STU1665,4,6.39,43.0,30.6,38.7,30.9,50.2,26.9,2.4,2.6,6,39.4,High,normal
STU1666,4,5.14,69.6,40.2,28.3,59.3,59.4,25.0,12.2,4.4,5,38.5,High,normal
STU1667,6,9.42,85.1,87.3,90.9,83.1,81.3,100.0,12.2,9.2,4,100.0,Low,normal
STU1668,5,5.16,31.9,38.3,23.6,26.9,43.2,42.8,0.0,1.3,3,25.1,High,normal
STU1669,3,8.38,91.6,82.6,100.0,100.0,93.5,74.8,17.2,,2,91.5,Low,normal
STU1670,5,6.8,64.5,48.8,64.1,68.5,44.5,71.8,12.5,3.7,4,45.4,Medium,normal
STU1671,3,6.65,81.5,58.2,73.1,75.2,86.8,55.8,18.9,4.3,1,72.8,Low,normal
STU1672,5,6.19,75.1,48.2,32.6,59.0,86.3,46.2,11.3,,3,41.4,High,normal
STU1673,5,5.04,83.7,41.3,44.8,60.0,42.8,55.3,14.8,2.3,0,60.7,Low,normal
STU1674,6,4.58,74.5,45.9,51.2,54.0,59.2,29.3,13.3,4.4,9,43.0,High,normal
STU1675,4,5.27,70.6,39.4,47.0,45.1,36.8,32.8,6.2,3.9,6,33.4,High,normal
STU1676,4,6.15,76.0,44.6,36.4,53.8,63.0,21.6,11.0,3.8,2,32.0,High,normal
STU1677,3,8.18,91.1,96.1,78.0,100.0,93.3,62.1,13.5,6.4,0,78.0,Low,normal
STU1678,6,5.95,81.0,65.2,52.7,94.1,83.2,39.2,18.1,5.8,2,64.8,Low,normal
STU1679,3,9.31,83.5,67.7,73.9,100.0,92.4,83.2,14.2,4.6,1,88.1,Low,normal
STU1680,4,7.22,73.9,55.6,75.0,68.5,71.4,51.0,6.9,7.3,3,64.0,Low,normal
STU1681,3,7.71,55.4,73.0,47.9,62.3,73.2,91.5,4.8,3.3,5,73.4,Low,normal
STU1682,6,8.61,58.0,66.1,66.5,44.3,50.9,45.1,4.4,0.0,7,53.5,Medium,normal
STU1683,4,4.92,93.1,37.2,30.7,55.5,72.2,64.0,7.1,6.6,3,25.5,High,normal
STU1684,4,5.58,66.1,58.7,37.2,49.2,67.4,44.8,9.8,3.6,5,51.1,Medium,normal
STU1685,4,7.41,77.6,83.9,55.6,96.7,65.4,80.3,12.9,4.1,1,85.5,Low,normal
STU1686,6,5.89,63.8,47.9,33.7,63.5,51.2,47.1,4.3,4.1,2,58.6,Medium,normal
STU1687,5,5.96,48.2,72.8,76.1,59.7,44.8,27.6,9.0,,6,49.7,Medium,normal
STU1688,5,8.58,84.1,86.8,86.9,71.8,75.6,77.1,17.2,4.7,6,79.6,Low,normal
STU1689,6,7.31,86.3,79.9,63.9,88.3,91.2,67.3,12.4,8.5,1,82.7,Low,normal
STU1690,6,5.56,35.5,51.4,45.7,32.5,38.8,17.2,3.1,2.8,5,35.6,High,normal
STU1691,4,8.36,88.0,92.1,99.0,61.4,73.3,81.6,17.7,7.7,2,90.2,Low,normal
STU1692,6,5.83,74.3,42.4,47.1,66.0,73.7,66.4,14.2,2.8,1,50.0,Medium,normal
STU1693,3,7.36,79.7,64.0,79.7,53.1,72.0,20.6,7.4,3.9,5,55.5,Medium,normal
STU1694,4,8.98,77.0,43.27824996514084,94.02760997284417,73.7,67.0,89.29982989350033,13.7,6.6,0,69.6,Low,sudden_improvement
STU1695,6,6.43,72.9,62.3,64.2,60.0,69.2,37.3,9.2,4.9,3,68.6,Low,normal
STU1696,4,7.86,95.2,76.6,64.5,72.0,94.1,67.7,17.9,6.2,0,77.4,Low,normal
STU1697,4,9.13,96.7,62.3,79.2,83.7,92.5,67.2,19.1,6.9,1,92.6,Low,normal
STU1698,4,8.56,77.4,28.255526813498033,83.36425520913679,80.0,85.1,82.58531302210716,,4.5,1,87.6,Low,sudden_improvement
STU1699,5,6.86,44.1,60.9,60.3,33.0,47.0,61.5,5.8,4.8,6,70.2,Low,normal
STU1700,4,6.8,70.9,60.8,54.5,83.4,62.1,79.8,8.4,5.8,2,72.9,Low,normal
STU1701,5,5.49,55.3,28.317272211416384,77.7705532449973,34.7,37.1,70.74034918727955,3.5,3.3,4,72.8,Low,sudden_improvement
STU1702,6,8.56,75.8,84.8,69.6,64.9,69.7,62.9,15.8,4.6,2,76.4,Low,normal
STU1703,5,6.52,73.6,64.3,39.7,67.1,80.2,37.8,13.6,6.2,4,81.9,Low,normal
STU1704,3,5.2,61.3,58.9,65.6,58.9,71.3,58.4,14.2,5.6,3,61.5,Low,normal
STU1705,6,5.78,66.9,67.7,38.5,69.9,59.8,68.2,10.0,2.5,5,40.0,High,normal
STU1706,4,9.15,88.4,84.7,83.9,87.8,100.0,84.8,20.1,5.3,0,91.7,Low,normal
STU1707,3,7.25,89.7,66.3,66.7,71.8,83.6,78.6,5.2,5.5,4,63.3,Low,normal
STU1708,3,8.77,92.9,73.4,84.7,91.2,98.6,75.2,16.4,8.3,0,95.7,Low,normal
STU1709,5,7.95,81.6,67.3,57.0,63.2,73.4,48.3,14.8,5.8,1,73.8,Low,normal
STU1710,3,7.84,64.9,62.2,60.8,66.7,62.0,55.3,14.7,,6,63.1,Low,normal
STU1711,3,8.86,73.4,96.5,94.2,66.1,73.7,74.7,19.1,5.8,0,82.0,Low,normal
STU1712,4,8.14,72.4,79.2,87.0,77.4,83.1,81.7,13.8,8.1,2,84.9,Low,normal
STU1713,4,3.85,70.0,11.8,36.7,49.6,43.4,,6.3,4.4,5,29.5,High,normal
STU1714,5,7.37,89.6,41.2,52.7,100.0,69.8,65.8,9.0,6.5,2,71.5,Low,normal
STU1715,6,9.02,77.3,89.1,85.5,71.0,89.4,82.8,10.9,9.7,0,92.5,Low,normal
STU1716,6,6.93,40.4,54.0,42.4,52.5,49.0,57.7,5.8,4.1,3,78.1,Low,normal
STU1717,4,8.28,70.6,88.2,90.5,76.6,73.4,88.4,15.2,7.5,4,82.8,Low,normal
STU1718,3,5.37,54.8,27.10888984551424,71.31237253162453,75.9,57.9,79.17990020829899,10.4,5.8,5,81.9,Low,sudden_improvement
STU1719,6,6.95,63.9,50.9,45.5,37.7,56.8,50.1,8.6,4.3,6,51.4,Medium,normal
STU1720,3,7.92,94.36579499486741,38.26934402403584,31.6154797149598,95.1,84.7,31.59807809762175,18.0,7.4,0,54.1,Medium,high_attendance_low_performance
STU1721,6,9.72,82.7,77.6,80.7,71.1,77.1,83.8,17.3,6.1,2,94.6,Low,normal
STU1722,3,8.54,79.8,84.0,92.9,85.1,88.9,78.1,19.5,8.9,0,87.8,Low,normal
STU1723,6,8.53,96.1,74.0,88.1,81.0,79.7,80.0,11.1,5.4,2,100.0,Low,normal
STU1724,4,7.81,77.5,80.2,92.9,93.8,77.9,72.0,15.0,7.7,4,89.9,Low,normal
STU1725,4,6.64,84.2,58.1,60.0,57.1,67.4,69.9,8.7,6.9,2,60.9,Low,normal
STU1726,5,8.72,74.0,76.2,66.7,88.8,78.9,79.2,15.1,5.3,0,74.0,Low,normal
STU1727,5,8.43,68.7,83.8,69.6,71.6,59.9,71.4,12.4,4.7,2,85.1,Low,normal
STU1728,4,7.27,59.7,48.7,51.4,51.8,37.1,36.6,3.1,4.9,5,52.7,Medium,normal
STU1729,5,7.09,81.0,65.5,83.7,73.1,80.6,60.0,11.4,5.5,0,73.3,Low,normal
STU1730,5,5.85,89.46287268854283,66.3,48.5,20.043267499548715,46.407743729468145,48.4,8.6,3.7,10,63.5,Low,assignment_problem
STU1731,3,5.34,65.9,54.9,49.9,57.3,63.9,32.3,9.1,4.1,5,50.2,Medium,normal
STU1732,3,7.17,62.1,60.2,47.8,53.8,65.7,49.2,10.0,5.4,6,51.5,Medium,normal
STU1733,4,8.06,79.1,63.8,49.2,77.3,67.7,63.1,9.1,5.2,2,76.8,Low,normal
STU1734,3,7.01,75.9,66.2,50.8,66.4,78.4,59.1,11.8,5.9,2,69.5,Low,normal
STU1735,5,8.28,77.5,66.1,41.0,66.3,79.7,66.0,7.0,3.6,2,63.0,Low,normal
STU1736,3,6.24,79.6,62.8,69.0,56.1,75.5,49.0,12.8,5.4,5,61.0,Low,normal
STU1737,4,8.9,65.0,75.9,46.1,79.2,87.5,77.1,10.7,4.4,3,71.6,Low,normal
STU1738,3,8.25,66.5,82.0,81.5,94.7,75.2,95.4,11.9,6.1,1,85.7,Low,normal
STU1739,5,9.7,65.6,92.1,73.9,78.4,79.7,86.9,12.5,,3,77.3,Low,normal
STU1740,3,7.5,81.8,59.5,47.1,52.5,67.9,46.6,,5.4,3,44.3,High,normal
STU1741,3,2.69,57.0,21.6,29.9,34.9,28.7,5.0,4.2,3.2,5,18.6,High,normal
STU1742,3,5.46,77.9,47.6,49.8,43.2,71.9,40.8,13.9,5.8,4,51.8,Medium,normal
STU1743,6,5.79,69.9,49.01498103382598,79.3974588315831,42.0,62.7,90.15448667131369,13.6,3.8,2,74.2,Low,sudden_improvement
STU1744,3,8.14,68.7,89.7,77.3,72.2,88.1,78.1,22.4,5.5,1,89.4,Low,normal
STU1745,5,7.67,68.1,78.1,62.7,67.1,90.5,89.7,17.3,4.2,5,71.7,Low,normal
STU1746,3,6.82,72.2,56.7,50.9,44.9,64.6,,7.1,2.4,5,69.8,Low,normal
STU1747,3,9.44,87.3,85.4,84.0,63.5,64.1,71.3,13.8,7.1,3,79.4,Low,normal
STU1748,5,7.99,77.5,73.2,84.2,55.9,81.9,54.6,13.0,4.5,1,75.6,Low,normal
STU1749,4,5.76,76.6,56.8,34.3,69.1,68.8,52.2,11.8,5.1,0,53.4,Medium,normal
STU1750,6,8.54,79.5,72.8,79.9,69.5,69.9,69.7,,5.9,1,84.1,Low,normal
STU1751,6,6.26,83.7,61.1,47.0,57.5,81.2,29.3,21.8,8.8,3,66.3,Low,normal
STU1752,6,9.23,99.1840867692471,30.023468003683586,46.95081291952321,100.0,89.3,31.811767557076983,11.0,7.8,4,48.8,Medium,high_attendance_low_performance
STU1753,5,8.66,88.9,68.9,77.1,77.5,71.0,83.5,11.4,6.0,3,63.8,Low,normal
STU1754,4,7.89,73.5,50.3,67.3,74.3,70.1,92.6,17.6,7.8,0,78.4,Low,normal
STU1755,4,4.92,35.4,45.0,38.4,26.7,49.9,29.1,2.4,0.0,5,29.3,High,normal
STU1756,6,4.66,55.0,15.8,10.4,61.1,48.0,22.8,9.5,6.6,4,28.1,High,normal
STU1757,5,7.6,55.3,64.6,79.9,57.9,50.9,57.9,10.7,4.6,3,76.1,Low,normal
STU1758,5,7.64,85.8,74.6,78.4,69.3,49.5,77.2,14.5,6.4,2,67.9,Low,normal
STU1759,3,6.86,85.4,78.6,83.9,90.6,70.2,76.2,15.6,5.7,0,89.7,Low,normal
STU1760,3,6.23,73.8,53.6,69.6,62.9,71.8,44.6,15.1,5.2,2,60.7,Low,normal
STU1761,6,6.08,67.5,54.1,57.4,63.5,85.3,39.6,10.0,6.7,3,75.7,Low,normal
STU1762,4,3.81,68.9,25.9,42.5,38.9,41.6,41.1,7.6,5.5,2,40.4,High,normal
STU1763,4,7.64,78.2,70.0,77.8,76.1,81.4,75.1,16.0,7.7,4,91.2,Low,normal
STU1764,3,6.22,83.3,65.0,59.9,74.4,75.6,66.5,,6.3,4,74.8,Low,normal
STU1765,6,8.56,100.0,85.6,90.5,96.7,95.2,75.0,20.1,6.1,4,86.0,Low,normal
STU1766,3,7.66,90.8,68.9,70.2,71.3,70.5,43.8,16.7,8.2,7,60.5,Low,normal
STU1767,6,4.66,45.2,18.9,16.8,31.4,56.3,18.1,7.8,4.2,4,29.7,High,normal
STU1768,3,5.35,67.6,76.17712969535359,30.953974338851,52.09008679639933,74.7,56.1,8.8,6.1,1,43.0,High,sudden_decline
STU1769,6,6.58,70.6,68.1,65.8,50.5,68.4,83.4,7.2,7.3,4,79.9,Low,normal
STU1770,5,8.66,67.2,79.1,74.1,57.1,76.5,61.1,11.0,5.3,3,72.7,Low,normal
STU1771,3,8.21,82.1,91.9,87.4,80.6,70.8,100.0,15.1,5.9,2,85.7,Low,normal
STU1772,5,5.35,68.3,44.3,79.0,65.3,65.1,57.5,4.2,6.1,4,49.5,Medium,normal
STU1773,4,5.18,57.0,33.3,17.4,48.7,51.0,15.2,8.8,4.3,5,37.7,High,normal
STU1774,3,7.2,38.7,37.1,34.6,22.4,36.0,53.7,2.3,0.0,8,33.5,High,normal
STU1775,6,3.75,73.3,63.8,22.4,36.5,51.3,37.8,6.9,1.4,5,41.4,High,normal
STU1776,4,6.62,90.0,53.2,48.3,46.1,61.7,20.6,10.9,4.3,6,57.9,Medium,normal
STU1777,4,6.59,70.1,74.1,68.0,67.0,69.4,66.5,12.2,10.0,4,63.9,Low,normal
STU1778,3,6.85,76.2,48.9,49.6,60.3,59.5,70.3,9.6,5.1,3,67.8,Low,normal
STU1779,4,5.99,85.3,65.5,51.6,72.5,76.6,55.3,16.9,7.2,2,60.8,Low,normal
STU1780,6,6.17,83.2,70.0,57.8,64.5,75.8,45.6,7.6,7.4,3,49.5,Medium,normal
STU1781,4,7.22,79.9,72.5,67.5,60.0,83.5,66.0,14.0,8.8,1,85.6,Low,normal
STU1782,6,5.66,36.2,36.2,39.9,30.4,31.4,38.5,4.2,1.6,6,32.5,High,normal
STU1783,6,8.63,60.3,59.7,70.3,62.6,74.0,42.0,9.1,6.0,3,71.6,Low,normal
STU1784,3,6.19,79.5,42.0,62.3,68.8,77.8,,7.1,4.1,2,64.1,Low,normal
STU1785,3,7.82,68.6,59.2,66.8,49.0,58.9,49.6,13.9,4.4,2,68.1,Low,normal
STU1786,6,4.72,32.9,45.4,45.9,23.4,46.2,33.5,2.4,4.3,6,41.8,High,normal
STU1787,4,5.58,84.9,49.1,50.2,61.6,82.2,37.8,13.9,6.9,2,47.9,Medium,normal
STU1788,3,6.91,77.0,70.3,69.5,59.9,70.0,,13.5,4.5,3,83.1,Low,normal
STU1789,4,7.97,100.0,84.1,74.2,72.7,92.6,83.0,18.9,7.0,1,90.8,Low,normal
STU1790,5,6.68,77.6,69.0,58.8,61.7,60.0,62.4,15.6,4.5,2,69.6,Low,normal
STU1791,6,7.78,42.85886191848658,81.29953088018861,97.25725210711374,81.67374616554481,81.3,67.4,12.7,6.1,4,78.2,Low,low_attendance_high_performance
STU1792,3,4.05,41.0,33.1,34.7,29.6,59.2,33.3,9.1,4.3,3,27.9,High,normal
STU1793,3,6.67,59.7,83.6,68.4,52.1,58.6,48.8,9.2,3.6,3,70.4,Low,normal
STU1794,6,9.13,71.8,57.3,72.6,72.5,79.9,66.4,14.5,6.4,2,59.4,Medium,normal
STU1795,6,8.61,99.7,86.1,75.7,83.6,64.9,93.6,20.9,7.1,1,90.5,Low,normal
STU1796,5,8.28,80.8,94.6,97.5,78.0,89.5,63.0,14.2,8.3,2,77.1,Low,normal
STU1797,6,5.78,85.0,56.3,41.4,52.0,71.0,26.2,14.7,9.5,6,44.6,High,normal
STU1798,4,8.65,69.7,77.8,69.3,83.8,80.7,76.2,17.6,5.2,3,68.5,Low,normal
STU1799,6,8.19,97.3,73.0,67.1,87.9,84.3,49.6,20.3,8.5,1,79.5,Low,normal
STU1800,4,9.01,94.50259500743083,45.95479782321969,35.181945601957864,91.5,94.5,32.64878906225095,12.8,6.8,3,43.6,High,high_attendance_low_performance
STU1801,3,3.46,29.5,31.4,25.2,48.7,28.1,30.5,7.0,1.6,7,32.8,High,normal
STU1802,5,5.38,82.4,33.6,26.1,55.2,82.4,0.0,11.7,5.7,1,44.1,High,normal
STU1803,4,8.66,80.9,83.1,83.3,86.3,81.6,87.3,16.7,6.7,3,88.4,Low,normal
STU1804,6,6.57,80.3,67.1,63.3,65.2,78.5,58.8,14.5,5.3,1,73.6,Low,normal
STU1805,4,7.68,69.7,57.9,52.7,64.9,68.9,74.6,13.5,8.0,4,69.8,Low,normal
STU1806,6,5.43,76.8,31.5,37.2,41.5,50.4,41.8,10.9,4.5,2,23.5,High,normal
STU1807,6,7.71,72.7,80.88665929009572,52.060881006195295,58.25594071499438,89.6,61.9,14.5,5.5,0,38.3,High,sudden_decline
STU1808,3,10.0,99.4,100.0,98.1,99.1,93.6,97.9,18.0,10.0,1,100.0,Low,normal
STU1809,6,8.72,100.0,85.8,74.9,83.7,100.0,78.3,17.1,8.0,3,83.2,Low,normal
STU1810,4,8.54,75.4,64.7,62.5,73.8,80.7,63.0,13.3,6.6,2,56.3,Medium,normal
STU1811,6,6.14,82.2,65.4,51.3,51.9,56.8,34.0,15.0,4.7,2,60.6,Low,normal
STU1812,4,7.35,64.1,37.8,34.4,47.2,72.5,49.2,9.5,2.7,8,49.3,Medium,normal
STU1813,5,6.92,82.4,82.8,83.7,62.9,91.4,57.3,10.9,,3,71.8,Low,normal
STU1814,4,10.0,81.2,87.8,88.2,84.6,92.6,70.8,16.3,6.8,0,92.6,Low,normal
STU1815,3,9.13,100.0,83.6,78.5,74.6,78.7,80.4,18.4,7.9,1,94.9,Low,normal
STU1816,3,6.55,44.2,25.76536911765842,72.07609536613911,52.3,55.4,74.80794532009983,3.9,0.0,4,74.2,Low,sudden_improvement
STU1817,4,7.53,74.8,71.4,75.3,63.5,61.6,56.2,4.9,1.9,6,69.5,Low,normal
STU1818,6,5.45,63.9,47.9,48.8,49.2,72.8,51.0,,7.9,5,53.8,Medium,normal
STU1819,5,7.26,84.1,80.6,100.0,88.0,84.9,70.9,10.8,5.6,4,77.6,Low,normal
STU1820,5,8.42,79.62026334072898,70.3,78.3,26.61125547427637,52.860643871961514,61.7,8.9,3.0,10,74.6,Low,assignment_problem
STU1821,4,9.32,97.2,79.2,62.9,99.4,80.3,75.6,12.5,5.8,0,82.5,Low,normal
STU1822,4,8.83,73.7,86.6269856629282,97.38776000622263,72.9,85.4,83.34902750812586,1.176792420690763,2.2892001320324327,1,80.8,Low,low_engagement_high_performance
STU1823,3,6.68,92.1,82.9,61.4,77.9,78.2,80.2,14.0,3.6,2,81.1,Low,normal
STU1824,6,3.51,68.0,40.69481195500851,71.4908445599349,23.8,51.4,83.15001357622299,6.7,1.9,7,75.2,Low,sudden_improvement
STU1825,6,7.61,71.5,76.6,55.2,72.0,72.0,65.4,8.9,3.9,4,56.5,Medium,normal
STU1826,4,6.75,81.9,52.1,44.0,40.1,72.4,44.3,,4.0,2,44.2,High,normal
STU1827,3,8.32,73.2,72.8,68.1,84.9,91.7,,9.5,6.1,2,84.3,Low,normal
STU1828,3,6.11,59.8,48.3,37.3,60.9,65.2,53.2,8.0,3.2,7,60.8,Low,normal
STU1829,5,4.09,50.9,26.1,14.5,36.0,36.4,20.3,10.8,4.8,8,27.2,High,normal
STU1830,5,5.85,71.8,85.7,77.7,65.9,75.5,37.4,15.3,4.5,1,33.2,High,normal
STU1831,6,7.61,50.3,59.1,44.0,39.4,51.0,57.9,3.6,1.0,5,48.2,Medium,normal
STU1832,4,7.16,77.0,65.6,65.2,56.1,79.5,60.1,14.2,6.1,5,69.1,Low,normal
STU1833,6,6.9,96.08727588800538,48.294280192548385,27.830884637931884,73.4,45.0,46.84989766983314,9.3,3.1,4,55.0,Medium,high_attendance_low_performance
STU1834,5,5.68,79.1,47.2,43.6,71.0,64.7,57.7,9.1,6.2,5,55.4,Medium,normal
STU1835,4,6.72,48.1,52.4,41.3,39.7,41.6,34.8,10.0,1.1,5,61.5,Low,normal
STU1836,5,7.77,92.2,66.1,57.2,73.1,93.6,77.3,13.1,8.5,4,83.5,Low,normal
STU1837,3,8.65,96.5,99.2,79.3,100.0,84.0,100.0,14.5,7.3,3,98.5,Low,normal
STU1838,4,7.21,79.6,60.2,65.8,58.9,74.6,65.5,12.7,2.5,0,67.6,Low,normal
STU1839,6,7.32,63.9,43.0,57.1,53.2,43.8,38.6,4.1,4.5,5,50.5,Medium,normal
STU1840,4,7.06,80.5,73.2,70.2,91.8,89.0,63.0,18.3,10.0,4,81.4,Low,normal
STU1841,6,7.26,46.069552836161286,82.1526438682857,81.68721869835215,98.3382525188548,91.0,66.7,14.2,6.9,2,78.9,Low,low_attendance_high_performance
STU1842,5,9.0,81.1,83.5,82.5,91.5,74.2,55.2,17.5,5.7,2,83.7,Low,normal
STU1843,3,6.09,65.3,56.0,63.0,75.2,94.9,58.2,13.9,7.8,1,54.2,Medium,normal
STU1844,5,8.12,67.3,67.0,69.7,67.0,73.8,61.1,9.3,7.3,4,66.0,Low,normal
STU1845,5,6.13,37.0,33.7,9.1,31.2,38.0,32.7,8.4,0.5,6,39.1,High,normal
STU1846,4,8.31,94.9,98.6,68.7,71.2,80.0,75.9,13.8,6.9,0,73.0,Low,normal
STU1847,3,8.83,97.1,62.2,64.6,87.4,85.6,78.3,20.7,8.1,2,82.2,Low,normal
STU1848,4,9.09,69.9,85.9,88.5,72.0,82.2,72.3,18.6,4.8,2,89.3,Low,normal
STU1849,3,8.07,52.7,72.7,63.7,58.4,56.0,63.5,13.2,3.2,5,70.5,Low,normal
STU1850,3,6.09,61.7,62.3,59.7,64.1,82.9,45.0,12.1,7.9,4,64.6,Low,normal
STU1851,4,7.94,72.1,73.0,68.7,77.8,68.6,48.8,9.8,5.2,3,75.4,Low,normal
STU1852,4,5.7,52.6,76.0777742842511,93.16351729217166,21.4,47.9,87.9679614760228,2.5686774880288703,2.622006984312833,4,78.3,Low,low_engagement_high_performance
STU1853,6,3.5,59.9,39.4,40.4,49.1,42.8,,7.7,4.8,3,25.8,High,normal
STU1854,4,5.77,64.2,55.8,60.1,69.7,57.8,52.9,8.4,4.3,3,50.3,Medium,normal
STU1855,6,7.51,67.4,89.43564430072502,52.99506876797497,39.8186826517711,56.6,,6.1,,1,50.2,Medium,sudden_decline
STU1856,5,6.89,54.1,62.1,61.9,52.9,76.0,61.2,8.2,2.9,5,51.2,Medium,normal
STU1857,5,4.08,65.3,34.3,23.9,36.7,42.0,51.3,8.2,1.2,4,28.0,High,normal
STU1858,4,6.8,72.3,54.4,60.1,66.9,66.0,43.4,11.2,7.6,3,54.0,Medium,normal
STU1859,6,5.75,68.2,58.1,57.8,54.9,76.5,45.0,9.6,5.0,3,41.6,High,normal
STU1860,5,7.05,58.0,65.5,76.4,53.3,66.5,57.4,11.5,2.7,4,56.0,Medium,normal
STU1861,6,6.25,74.9,38.5,48.2,52.8,58.0,41.2,10.6,4.2,5,59.0,Medium,normal
STU1862,4,7.22,59.0,63.5,65.4,63.7,44.0,74.9,10.4,3.8,2,60.9,Low,normal
STU1863,3,6.97,84.7,74.7,72.0,82.3,100.0,97.5,15.7,6.4,3,65.5,Low,normal
STU1864,5,7.32,73.4,63.8,63.6,59.5,62.7,63.2,10.7,6.9,4,62.8,Low,normal
STU1865,3,7.79,44.2,58.6,69.1,50.6,48.6,50.2,5.7,4.0,9,63.7,Low,normal
STU1866,4,4.92,49.0,42.6,29.9,31.9,44.0,39.9,7.0,3.1,6,22.3,High,normal
STU1867,3,9.63,86.4,76.6,72.8,100.0,88.1,89.1,17.2,7.7,1,95.5,Low,normal
STU1868,5,8.47,72.1,72.2,59.8,94.5,78.6,45.4,13.0,6.3,4,61.5,Low,normal
STU1869,6,8.79,73.8,96.3,94.3,88.2,86.0,78.9,14.8,7.0,1,88.1,Low,normal
STU1870,4,4.64,62.4,36.7,37.8,60.8,51.0,31.6,6.9,3.1,3,38.9,High,normal
STU1871,6,5.5,98.64565816259875,44.409570618620805,43.966240058843994,48.8,40.8,25.871705598288536,3.5,3.3,4,42.4,High,high_attendance_low_performance
STU1872,5,8.56,92.0,77.5,93.6,90.9,100.0,75.0,15.5,9.1,4,87.7,Low,normal
STU1873,4,8.0,82.4,67.9,64.1,56.0,71.2,65.2,10.1,5.1,2,77.1,Low,normal
STU1874,6,5.39,56.9,57.9,41.8,45.5,58.5,27.0,13.0,3.3,3,46.9,Medium,normal
STU1875,6,6.64,61.1,65.6,56.7,57.0,58.9,60.2,13.1,6.1,3,56.9,Medium,normal
STU1876,6,5.8,85.3,65.5,51.1,46.8,69.6,68.9,7.5,4.7,2,63.6,Low,normal
STU1877,4,8.34,70.5,74.4,70.1,54.1,82.3,51.0,13.4,4.3,3,72.6,Low,normal
STU1878,5,6.85,67.7,66.9,71.5,69.6,83.3,35.7,,5.3,2,60.4,Low,normal
STU1879,3,5.59,73.9,45.4,35.9,69.5,81.3,47.5,13.9,9.0,4,52.4,Medium,normal
STU1880,4,5.31,85.0,46.4,50.2,46.3,75.9,43.0,8.0,3.4,3,45.5,Medium,normal
STU1881,4,6.47,81.7,56.5,64.2,66.1,96.8,75.4,17.7,6.4,1,62.7,Low,normal
STU1882,6,6.51,64.3,44.6,43.6,63.1,70.0,27.0,5.7,6.1,3,57.1,Medium,normal
STU1883,6,8.91,65.1,80.7,83.9,60.2,55.7,62.4,9.3,3.7,6,79.9,Low,normal
STU1884,4,4.06,73.9,46.1,41.5,51.6,35.6,14.0,7.0,5.1,4,48.0,Medium,normal
STU1885,3,8.42,86.2,83.9,80.7,76.2,88.6,82.3,17.9,8.9,1,89.6,Low,normal
STU1886,6,9.27,90.3,62.2,76.2,76.7,76.6,71.7,9.8,,3,71.9,Low,normal
STU1887,3,9.43,82.2,92.7,84.6,76.9,68.1,,13.4,5.8,3,95.6,Low,normal
STU1888,5,9.73,96.2,65.7,77.7,83.8,86.2,,15.2,7.0,3,79.4,Low,normal
STU1889,3,4.83,76.4,42.6,35.1,51.7,59.9,21.9,12.1,6.9,4,51.3,Medium,normal
STU1890,4,3.62,49.0,45.3,32.6,39.2,40.4,37.9,5.3,3.9,5,36.2,High,normal
STU1891,6,8.85,90.3,79.8,79.4,89.8,88.1,63.7,17.7,8.5,0,87.9,Low,normal
STU1892,3,6.61,77.4,60.2,59.3,64.5,82.5,50.9,10.4,5.4,4,64.7,Low,normal
STU1893,4,4.77,67.9,35.1,37.8,70.8,57.6,64.2,4.6,,7,52.7,Medium,normal
STU1894,4,10.0,93.53645976012713,29.724347269928064,27.674530218432682,100.0,80.0,47.88291083012422,12.6,9.5,3,29.7,High,high_attendance_low_performance
STU1895,6,5.56,83.9,66.9,61.9,62.9,86.6,44.8,16.6,8.5,3,51.6,Medium,normal
STU1896,6,5.97,62.4,58.8,23.9,17.8,33.7,40.9,5.0,3.5,5,46.6,Medium,normal
STU1897,3,6.85,85.8,56.5,61.1,71.6,75.7,46.7,8.5,3.2,5,66.4,Low,normal
STU1898,3,7.56,94.8,86.46386193189298,32.66071931787236,30.56941545293711,94.3,92.5,11.6,7.1,1,50.1,Medium,sudden_decline
STU1899,5,6.5,77.65711668917515,60.2,59.7,21.06981511555917,41.1314629738285,71.6,5.3,4.7,8,60.9,Low,assignment_problem
STU1900,4,4.54,57.8,19.3,16.0,43.6,54.3,25.7,6.8,6.3,4,19.9,High,normal
STU1901,5,8.31,89.8,63.7,58.0,79.6,77.0,59.3,17.3,6.5,1,99.5,Low,normal
STU1902,3,9.21,98.1,90.4,98.7,100.0,86.8,80.1,13.8,9.0,4,100.0,Low,normal
STU1903,3,5.38,82.4,45.3,43.6,78.1,86.4,40.8,17.4,6.9,2,59.6,Medium,normal
STU1904,5,8.18,87.6,68.8,80.6,73.4,84.9,81.5,14.7,6.9,2,81.9,Low,normal
STU1905,3,5.48,76.4,25.3,28.4,38.7,53.2,49.7,10.3,4.2,5,36.4,High,normal
STU1906,6,9.32,77.2,71.3,77.2,81.3,78.9,62.3,13.9,9.4,2,70.9,Low,normal
STU1907,3,5.58,46.3,43.2,31.7,44.4,41.4,48.4,3.2,2.4,5,40.2,High,normal
STU1908,3,7.47,94.1,64.1,52.4,68.4,83.1,66.6,13.5,3.1,0,61.3,Low,normal
STU1909,6,7.5,58.42417208741445,76.55282155092044,92.13772150383431,82.12422988481696,70.2,44.0,17.5,3.1,5,90.1,Low,low_attendance_high_performance
STU1910,4,8.95,89.4,86.0,79.0,95.7,82.5,66.0,20.2,7.1,3,75.1,Low,normal
STU1911,5,8.86,79.4,90.8,85.9,97.4,67.8,,14.7,3.7,4,88.1,Low,normal
STU1912,3,6.63,72.2,44.6,43.1,58.4,61.2,23.0,11.9,4.4,0,47.5,Medium,normal
STU1913,5,7.56,46.0,56.1,44.8,37.9,51.1,64.6,4.5,1.5,8,57.8,Medium,normal
STU1914,5,5.33,80.3,64.9,42.4,56.4,56.7,37.1,11.0,0.9,4,56.0,Medium,normal
STU1915,4,7.35,71.4,52.6,83.0,62.4,70.0,63.8,10.5,4.3,1,72.5,Low,normal
STU1916,6,5.13,80.5,33.7,24.2,48.4,60.7,30.0,9.8,1.7,4,60.2,Low,normal
STU1917,5,5.43,50.7,34.6,37.1,44.6,26.3,24.9,8.0,0.9,7,43.6,High,normal
STU1918,4,6.04,66.6,50.3,76.9,82.2,74.6,56.4,9.3,4.0,7,54.3,Medium,normal
STU1919,5,7.05,77.6,89.61613602970925,85.6782506273895,71.1,81.3,80.78907996940261,3.7924581801701427,0.3456226158215471,3,87.2,Low,low_engagement_high_performance
STU1920,5,5.86,60.9,33.0,40.1,61.7,57.7,34.5,9.2,5.6,4,47.0,Medium,normal
STU1921,3,6.66,92.77255293491069,40.52152965994151,26.626930188869938,78.9,52.9,37.598132249254434,9.8,4.9,3,51.3,Medium,high_attendance_low_performance
STU1922,4,10.0,88.2,78.5,76.5,81.8,73.8,73.8,14.5,6.0,3,74.0,Low,normal
STU1923,4,6.85,70.3,78.7,75.3,63.4,79.7,57.4,10.2,2.9,2,74.4,Low,normal
STU1924,4,6.8,75.04049341964487,62.2,66.1,22.371235321823434,55.9573986882293,48.7,10.7,4.5,6,50.1,Medium,assignment_problem
STU1925,6,4.9,77.3,56.5,44.2,58.9,65.1,24.6,8.5,3.6,3,41.1,High,normal
STU1926,4,9.51,87.6,74.2,65.7,70.8,69.4,61.4,,3.9,3,84.6,Low,normal
STU1927,6,10.0,99.52052244489921,41.84256261692222,48.63018406837976,100.0,89.3,32.26232355522505,12.6,4.6,0,24.6,High,high_attendance_low_performance
STU1928,4,8.08,83.61067212467921,81.8,87.8,32.497567269928496,56.83902170991807,73.2,9.6,3.9,8,52.0,Medium,assignment_problem
STU1929,4,7.01,83.4,65.7,59.5,49.2,76.6,56.6,12.5,6.1,1,74.9,Low,normal
STU1930,6,9.7,88.6,93.5,91.8,94.4,79.2,77.4,13.3,5.6,0,91.9,Low,normal
STU1931,5,8.73,59.8,63.5,54.6,67.2,66.7,61.6,7.8,0.0,4,78.0,Low,normal
STU1932,5,6.43,60.8,47.0,30.2,63.7,60.2,41.6,14.3,3.4,8,38.6,High,normal
STU1933,3,5.85,83.2,42.7,62.0,55.2,66.9,59.9,16.5,4.5,3,78.9,Low,normal
STU1934,4,6.55,80.2,86.26340906155868,89.87744542707611,72.4,96.3,91.00586966855512,2.2919423566673505,0.6171745086461519,1,80.2,Low,low_engagement_high_performance
STU1935,4,7.47,87.6,87.0,89.8,86.2,90.9,57.1,15.4,6.6,4,82.3,Low,normal
STU1936,6,6.0,66.9,58.1,38.7,43.0,62.4,40.0,7.6,3.2,2,44.8,High,normal
STU1937,4,6.57,83.6,46.05281929824584,72.36908440611536,57.1,95.5,78.73983158907755,12.3,6.6,1,74.3,Low,sudden_improvement
STU1938,6,5.48,69.1,36.0,45.4,53.4,80.6,43.6,13.4,5.0,6,71.6,Low,normal
STU1939,5,7.68,70.7,56.8,74.0,81.6,62.5,51.8,9.1,2.5,5,65.4,Low,normal
STU1940,4,7.72,100.0,87.9,90.4,93.5,88.3,71.3,15.7,7.1,1,94.4,Low,normal
STU1941,5,7.77,86.4,56.7,64.6,71.5,90.3,55.3,15.8,7.1,3,69.6,Low,normal
STU1942,6,9.9,84.8,77.3,86.4,67.9,69.2,75.7,16.3,9.0,1,94.8,Low,normal
STU1943,6,6.75,78.6,48.1,58.4,51.7,81.2,52.2,9.1,4.5,2,54.9,Medium,normal
STU1944,3,6.64,54.9,43.5,37.7,40.8,48.7,57.2,8.9,3.1,7,49.0,Medium,normal
STU1945,4,5.55,60.4,42.4,32.0,52.1,71.8,18.6,5.9,5.0,2,48.1,Medium,normal
STU1946,4,7.41,75.3,69.6,82.7,72.1,78.6,74.9,15.1,8.6,2,71.8,Low,normal
STU1947,3,8.67,69.9,47.4,54.3,62.2,68.2,68.2,11.6,4.5,4,87.9,Low,normal
STU1948,5,8.14,78.4,76.3,83.0,89.4,77.7,65.7,15.3,7.8,1,87.5,Low,normal
STU1949,6,8.48,87.3,52.8,66.0,77.0,69.6,79.2,11.9,4.6,5,70.9,Low,normal
STU1950,4,8.34,69.6,80.7,54.5,76.7,68.1,65.5,17.7,5.5,5,66.4,Low,normal
STU1951,5,6.43,91.00923216747853,29.875542866517417,42.65733030948411,63.3,93.0,34.508657389660485,11.7,8.2,2,35.6,High,high_attendance_low_performance
STU1952,5,10.0,100.0,67.4,52.4,64.7,64.0,72.1,18.0,4.9,0,68.5,Low,normal
STU1953,4,6.59,83.2,45.3,27.5,52.3,73.4,40.9,12.3,6.4,4,63.8,Low,normal
STU1954,3,5.87,64.8,38.6,43.6,43.9,51.9,50.6,10.4,5.3,4,51.9,Medium,normal
STU1955,5,8.51,50.6,82.5,76.4,62.7,32.0,83.4,5.6,1.9,7,72.5,Low,normal
STU1956,6,5.96,42.4,47.7,33.8,19.9,58.2,40.4,5.7,,8,49.6,Medium,normal
STU1957,5,6.18,80.9,61.9,58.7,77.4,76.8,20.0,9.6,6.5,3,54.8,Medium,normal
STU1958,3,8.55,70.9,79.7,41.8,66.8,68.2,60.5,9.6,3.2,1,58.0,Medium,normal
STU1959,3,6.16,81.0,57.5,63.1,74.0,59.3,53.9,10.9,7.6,1,63.8,Low,normal
STU1960,3,4.07,52.3,37.6,29.3,27.5,61.5,22.3,12.9,3.8,3,36.0,High,normal
STU1961,5,9.23,81.4,87.1,82.2,85.5,63.9,79.3,10.9,1.6,3,88.0,Low,normal
STU1962,6,7.29,70.5,51.0,57.3,65.4,85.5,53.1,9.0,4.3,1,51.7,Medium,normal
STU1963,3,5.32,77.7,52.2,44.3,58.8,66.6,42.5,12.9,4.7,1,47.7,Medium,normal
STU1964,6,8.74,56.9884068766526,80.03275487657461,82.15673339650483,80.15788487359283,73.9,67.4,12.3,7.1,6,88.7,Low,low_attendance_high_performance
STU1965,5,5.55,88.7,80.79180368847467,49.74881595867637,31.027472110675937,81.3,64.4,15.4,6.8,1,37.7,High,sudden_decline
STU1966,5,6.99,70.9,47.2,80.1,80.8,68.4,76.0,,8.5,3,77.5,Low,normal
STU1967,6,8.73,88.7,83.1,92.7,74.6,100.0,61.1,,8.1,4,92.0,Low,normal
STU1968,3,6.33,47.6,85.9,57.0,66.2,66.3,51.3,7.4,2.6,1,55.0,Medium,normal
STU1969,6,6.78,63.0,55.3,50.8,45.5,84.1,57.3,7.8,6.0,0,56.5,Medium,normal
STU1970,3,7.64,86.05841633703518,68.7,67.4,20.474423918355786,30.975892718594828,52.0,10.7,5.4,10,55.0,Medium,assignment_problem
STU1971,4,8.37,81.3,79.3,87.3,98.4,87.3,62.3,21.9,6.8,9,90.5,Low,normal
STU1972,6,3.82,51.7,32.6,5.4,28.7,57.9,44.1,9.6,2.3,4,41.5,High,normal
STU1973,6,6.63,93.0,81.4,63.0,69.8,82.9,67.0,17.1,6.7,0,74.4,Low,normal
STU1974,5,8.08,74.8,62.0,39.1,72.2,59.8,78.9,10.7,4.2,4,60.9,Low,normal
STU1975,5,6.52,84.9,60.3,57.7,68.4,80.5,60.6,15.7,6.6,2,54.7,Medium,normal
STU1976,5,6.37,59.1,52.8,47.4,57.4,54.5,45.9,2.9,6.8,4,55.2,Medium,normal
STU1977,6,6.83,96.5,52.3,57.3,61.7,61.9,57.2,15.3,5.2,2,80.9,Low,normal
STU1978,3,7.18,65.9,53.1,47.9,57.7,49.3,52.5,8.5,2.1,2,67.3,Low,normal
STU1979,6,6.63,81.8,50.5,41.2,56.2,68.0,47.4,8.6,6.2,5,56.0,Medium,normal
STU1980,4,5.65,57.8,42.4,47.6,48.1,73.2,42.0,9.1,4.9,3,52.6,Medium,normal
STU1981,4,8.95,70.3,68.8,78.1,67.1,71.4,59.2,15.5,3.9,2,70.8,Low,normal
STU1982,4,6.52,72.7,63.2,51.5,49.6,68.2,40.6,10.2,3.0,6,51.2,Medium,normal
STU1983,5,6.11,83.1,34.0,36.1,73.4,89.4,22.4,9.3,6.6,1,50.5,Medium,normal
STU1984,6,7.39,98.24164039871165,42.165328649216896,42.15177160271191,67.3,65.4,34.61914977892454,14.0,7.2,3,47.7,Medium,high_attendance_low_performance
STU1985,5,8.87,68.6,78.2,72.1,60.7,69.8,65.9,14.9,5.2,4,83.5,Low,normal
STU1986,6,8.43,80.9,79.9,80.9,75.0,70.9,41.5,,6.3,3,84.7,Low,normal
STU1987,3,7.39,84.5,62.3,37.5,62.6,85.2,67.1,18.3,5.7,4,66.8,Low,normal
STU1988,5,7.68,49.8,55.4,58.5,47.1,78.4,28.2,7.7,0.8,5,47.7,Medium,normal
STU1989,6,7.06,73.2,77.6,75.9,68.8,58.9,76.1,9.6,7.7,5,66.9,Low,normal
STU1990,5,4.58,59.9,51.0,45.7,44.0,47.8,27.8,14.0,3.2,5,38.5,High,normal
STU1991,5,5.04,55.8,43.3,39.3,44.8,56.5,36.0,7.8,4.8,5,45.5,Medium,normal
STU1992,5,8.91,97.6,61.3,44.0,84.7,82.0,78.1,19.5,7.6,0,58.6,Medium,normal
STU1993,6,5.48,66.7,44.4,38.8,38.3,56.2,70.4,15.3,5.0,7,49.1,Medium,normal
STU1994,6,9.2,95.3,71.4,99.4,67.3,82.2,79.3,15.5,7.2,0,100.0,Low,normal
STU1995,3,5.2,94.39298759297526,42.8349711691462,28.63357718138704,45.1,52.6,20.450591842220412,4.6,2.7,5,34.9,High,high_attendance_low_performance
STU1996,6,6.48,69.4,45.3,37.9,32.8,69.6,51.4,8.1,0.7,3,45.2,Medium,normal
STU1997,4,7.42,54.1,63.4,57.2,44.6,50.0,52.1,10.3,1.2,3,54.2,Medium,normal
STU1998,4,8.53,96.3,81.26558351416918,31.376771457324352,34.71012184301215,91.4,85.4,20.8,9.2,3,51.0,Medium,sudden_decline
STU1999,6,8.18,80.0,73.5,84.5,76.2,81.3,80.5,18.5,7.4,0,86.3,Low,normal
STU2000,4,8.16,77.9,87.9,80.8,86.9,72.1,48.4,14.4,5.1,4,77.4,Low,normal
